division,spare_code,spare_description,grc_number,grc_date,issue_qty,grc_pending_qty,receive_qty,good_qty,defective_qty,returned_qty,returning_qty,actual_pending_qty,receive_date,dispute_remark,challan_number,challan_date,docket_number,sent_through,challan_by,status,damaged_qty,short_qty,alt_spare_qty,alt_spare_code,invoice
PUMP,STPM1MU02AAP035,CABLE SET STPM12 & G052(1PH) 3X0.75MM^2,916068361,2025-08-19,5,5,,0,0,0,0,5,,,,,22653,NAT AIRWAYS,D Manna,N,,,,, 
PUMP,STPM1PU09AAB001,IMPELLER FOR STPM22 1PH & 3PH,916068361,2025-08-19,2,2,,0,0,0,0,2,,,,,22653,NAT AIRWAYS,D Manna,N,,,,, 
PUMP,MB111P171AAE001,"IMPELLER FOR P10.2,PH10.2,MIP10.2",916068851,2025-08-28,2,2,,0,0,0,0,2,,,,,22653,NAT AIRWAYS,D Manna,N,,,,, 
PUMP,STPM1M113AAP035,CABLE SET STPM22(1PH/CCPM12(1PH)3X1.5M^2,916068962,2025-08-31,1,1,,0,0,0,0,1,,,,,22653,NAT AIRWAYS,D Manna,N,,,,, 
PUMP,STPCSA151AAE001,IMPELLER FOR STPCS7.52(3PH) (B),916069069,2025-09-02,3,3,,0,0,0,0,3,,,,,22653,NAT AIRWAYS,D Manna,N,,,,, 
PUMP,MINI1PU01ADE021,"NRV MM-MW-MM+-MP-MF II,MM-MS-MM+-MP I,MX",916069494,2025-09-09,10,10,,0,0,0,0,10,,,,,22653,NAT AIRWAYS,D Manna,N,,,,, 
PUMP,MINI1PU17ALM014,IMPELLER FOR MINI CREST & SRTONG I,916071105,2025-10-17,2,2,,0,0,0,0,2,,,,,22653,NAT AIRWAYS,D Manna,N,,,,, 
PUMP,MINI1PU01ACL035,CAP. MM-MS-MR-MM+-MP-MT II,916071091,2025-10-17,5,5,,0,0,0,0,5,,,,,22653,NAT AIRWAYS,D Manna,N,,,,, 
PUMP,STPM1MU02AAP035,CABLE SET STPM12 & G052(1PH) 3X0.75MM^2,916071091,2025-10-17,2,2,,0,0,0,0,2,,,,,22653,NAT AIRWAYS,D Manna,N,,,,, 
PUMP,MINI1MU03ACJ045,COOLING FAN 03 MINI SERIES 80F,916071867,2025-10-30,5,5,,0,0,0,0,5,,,,,22653,NAT AIRWAYS,D Manna,N,,,,, 
PUMP,MINI1MU01ACJ045,FAN FOR MINI SERIES 71F PERFECT OF ID-12,916071868,2025-10-30,10,10,,0,0,0,0,10,,,,,22653,NAT AIRWAYS,D Manna,N,,,,, 
PUMP,MINI1PU16ALM014,IMPELLER FOR MINI CREST & STRONG II,916072500,2025-11-12,2,2,,0,0,0,0,2,,,,,22653,NAT AIRWAYS,D Manna,N,,,,, 
PUMP,MINIXM122AET017,CAPACITOR(10MFD) MINI SAPPHIRE&CHROME II,916072705,2025-11-18,5,5,,0,0,0,0,5,,,,,22653,NAT AIRWAYS,D Manna,N,,,,, 
PUMP,MINI1PU03ALM014,IMPELLER FOR MR-MS-MI-MF-MA II,916072904,2025-11-20,2,2,,0,0,0,0,2,,,,,22653,NAT AIRWAYS,D Manna,N,,,,, 
PUMP,STPM1MU02AAP035,CABLE SET STPM12 & G052(1PH) 3X0.75MM^2,916073125,2025-11-24,5,5,,0,0,0,0,5,,,,,22653,NAT AIRWAYS,D Manna,N,,,,, 
PUMP,CF111SU07AHK034,PRESSURE TANK 2LTR FOR MINI FORCE II,916073125,2025-11-24,10,10,,0,0,0,0,10,,,,,22653,NAT AIRWAYS,D Manna,N,,,,, 
PUMP,CF111SU01AHQ035,PRESSURE SWITCH DANFOSS FOR FORCE SERIES,916073125,2025-11-24,6,6,,0,0,0,0,6,,,,,22653,NAT AIRWAYS,D Manna,N,,,,, 
PUMP,MINI1MU01ACG045,FAN COVER FOR MINI SERIES 71F PERFECT,916073344,2025-11-29,10,10,,0,0,0,0,10,,,,,22653,NAT AIRWAYS,D Manna,N,,,,, 
PUMP,STPG052(1PH)-8,0.37/0.5KW/HP 1PH SS SUB SEW WATER PUMP,916073934,2025-12-12,1,1,,0,0,0,0,1,,,,,22653,NAT AIRWAYS,D Manna,N,,,,, 
PUMP,MINI PACIFIC I,0.75/1.0KW/HP 1PH 25X25 SPMINI PACIFIC I,916073934,2025-12-12,1,1,,0,0,0,0,1,,,,,22653,NAT AIRWAYS,D Manna,N,,,,, 
PUMP,DCP11M114ACM040,DCP STD 100 MFD RUN CAP,916066918,2025-07-22,4,3,,0,0,0,0,3,,,,,22653,NAT AIRWAYS,D Manna,N,,,,, 
PUMP,MINI1MU04ADU017,"TERMINAL BOX MM-MM+ I & MM I(3PH), MX",916066919,2025-07-22,2,1,,0,0,0,0,1,,,,,22653,NAT AIRWAYS,D Manna,N,,,,, 
PUMP,SWJ11M105ACG034,"FAN COVER FOR SWJ50, SWJ100,50SS,100SS",916066920,2025-07-22,2,2,,0,0,0,0,2,,,,,22653,NAT AIRWAYS,D Manna,N,,,,, 
PUMP,STPM1P151AAB001,IMPELLER FOR STPM12(1PH) & (3PH) (B),916067303,2025-07-28,3,3,,0,0,0,0,3,,,,,22653,NAT AIRWAYS,D Manna,N,,,,, 
PUMP,MB111P127AAA001,VOLUTE FOR MBK22(1PH)/MBM22(1PH),916068361,2025-08-19,1,1,,0,0,0,0,1,,,,,22653,NAT AIRWAYS,D Manna,N,,,,, 
PUMP,MB111P130AAE001,IMPELLER FOR MBM22,916068361,2025-08-19,100,100,,0,0,0,0,100,,,,,22653,NAT AIRWAYS,D Manna,N,,,,, 
FANS,S-KBPRAV248CCR3S3B,S-PKD BLD PR AVR2 1.2M CONCH CREAM 3B 3S,916073210,2025-11-26,2,2,1,0,0,0,0,2,2026-01-01,WRONG SPARE ISSUED,,,TCFGVHBJ,RDFGHVBN,Sukanya Manna,N,0,0,1,CFSBSBZ48LB1S, 
SDA,S-BRIOTHRMOSTAT,BRIO THERMOSTATE,916073207,2025-11-26,2,2,,0,0,0,0,2,,,G00001,2026-01-02,251362,NAT AIRWAYS,D Manna,N,,,,,N
SDA,S-BRIOTHRMOSTAT,BRIO THERMOSTATE,916073672,2025-12-06,1,1,,0,0,0,0,1,,,G00001,2026-01-02,251362,NAT AIRWAYS,D Manna,N,,,,,N
SDA,S-FM5002JMAINBDY,MAIN BODY FRESH MIX5002J,916072509,2025-11-12,1,1,,0,0,0,0,1,,,G00001,2026-01-02,251362,NAT AIRWAYS,D Manna,N,,,,,N
SDA,S-GNEO5003JMNBDY,GNEO 500W 3J MAIN BODY,916073405,2025-11-30,1,1,,0,0,0,0,1,,,G00001,2026-01-02,251362,NAT AIRWAYS,D Manna,N,,,,,N
LIGHT,R36NDTA,DRIVER FOR CCR-145-36W TILES RKL,916074267,2025-12-21,5,5,,0,0,,,5,,,,,,,,N,,,,,N
LIGHT,S0BP0001,LED POPULATED MCPCB FOR TLI300403-A2,916074267,2025-12-21,5,5,,0,0,,,5,,,,,,,,N,,,,,N
LIGHT,S0BP0011,LED MCPCB MODULE TLF500183-E4,916074267,2025-12-21,10,10,,0,0,,,10,,,,,,,,N,,,,,N
LIGHT,S0BP0012,LED MODULE TLF500182-E4,916074267,2025-12-21,10,10,,0,0,,,10,,,,,,,,N,,,,,N
LIGHT,S0DQL1-54-700-40W,DRIVER FOR LSTP-36-CDL & LSTP-40-CDL,916074268,2025-12-21,10,10,,0,0,,,10,,,,,,,,N,,,,,N
LIGHT,S0DRVCR-18W,DRIVER FOR LSCSM-18W & LSCRM-18W,916074268,2025-12-21,10,10,,0,0,,,10,,,,,,,,N,,,,,N
LIGHT,S0DRVQ-36-250-12W,DRIVER FOR MAYA LBLA1/2/3 WITH V8 LED,916073808,2025-12-09,10,10,,0,0,,,10,,,,,,,,N,,,,,N
LIGHT,S0DRVQ-36-250-12W,DRIVER FOR MAYA LBLA1/2/3 WITH V8 LED,916074268,2025-12-21,5,5,,0,0,,,5,,,,,,,,N,,,,,N
LIGHT,S0DRVQS-60-580-36W,DRIVER FOR LWV11-36-CDL,916073808,2025-12-09,3,3,,0,0,,,3,,,,,,,,N,,,,,N
LIGHT,S0DVCTL-100W700-FG,DRIVER 100W DRV-C4-100W-700MA,916074268,2025-12-21,20,20,,0,0,,,20,,,,,,,,N,,,,,N
LIGHT,S0DVCTL-35W-700-FG,DRV-C4-35W-700-IH PACKED,916073958,2025-12-12,10,10,,0,0,,,10,,,,,,,,N,,,,,N
LIGHT,S0DVCTL-35W-700-FG,DRV-C4-35W-700-IH PACKED,916074268,2025-12-21,5,5,,0,0,,,5,,,,,,,,N,,,,,N
LIGHT,S0DVCTL-45W-700-FG,DRV-C4-45W-700-IH PACKED,916074268,2025-12-21,10,10,,0,0,,,10,,,,,,,,N,,,,,N
LIGHT,S0DVCTL-60W-700-FG,DRV-C4-60W-700-IH PACKED,916074268,2025-12-21,10,10,,0,0,,,10,,,,,,,,N,,,,,N
LIGHT,S0DVCTL-75W-700-FG,DRV-C4-75W-700-IH PACKED,916074268,2025-12-21,10,10,,0,0,,,10,,,,,,,,N,,,,,N
LIGHT,S0DVEL-65-700-45W,DRIVER FOR LSTP-45-CDL-M,916074267,2025-12-21,10,10,,0,0,,,10,,,,,,,,N,,,,,N
LIGHT,S0DVEXC3-24W-700,24W C3 EXCELITE DRIVER,916074268,2025-12-21,4,4,,0,0,,,4,,,,,,,,N,,,,,N
LIGHT,S0DVEXC4-50W-700,50W C4 DRIVER,916074269,2025-12-21,30,30,,0,0,,,30,,,,,,,,N,,,,,N
LIGHT,S0DVEXC4-60W-700,60W C4 DRIVER,916074268,2025-12-21,50,50,,0,0,,,50,,,,,,,,N,,,,,N
LIGHT,S0DVEXC4-60W-700,60W C4 DRIVER,916074269,2025-12-21,10,10,,0,0,,,10,,,,,,,,N,,,,,N
LIGHT,S0DVEXC4-75W-700,75W C4 DRIVER,916074268,2025-12-21,20,20,,0,0,,,20,,,,,,,,N,,,,,N
LIGHT,S0DVEXC4-75W-700,75W C4 DRIVER,916074269,2025-12-21,20,20,,0,0,,,20,,,,,,,,N,,,,,N
SDA,S-BRIOSOLPLTWHE,BRIO SOLE PLATE WITH H.E.,916072951,2025-11-20,1,1,,0,0,0,0,1,,,G00001,2026-01-02,251362,NAT AIRWAYS,D Manna,N,,,,,N
SDA,S-BRIOSOLPLTWHE,BRIO SOLE PLATE WITH H.E.,916073672,2025-12-06,1,1,,0,0,0,0,1,,,G00001,2026-01-02,251362,NAT AIRWAYS,D Manna,N,,,,,N
SDA,S-BRIOTHRMLFUSE,BRIO THERMAL FUSE,916073672,2025-12-06,1,1,,0,0,0,0,1,,,G00001,2026-01-02,251362,NAT AIRWAYS,D Manna,N,,,,,N
SDA,S-FM5002JJUICVR,JUICE COVER FRESH MIX5002J,916072532,2025-11-14,2,2,,0,0,0,0,2,,,G00001,2026-01-02,251362,NAT AIRWAYS,D Manna,N,,,,,N
SDA,S-GNEO5003JMNBDY,GNEO 500W 3J MAIN BODY,916074084,2025-12-16,1,1,,0,0,0,0,1,,,G00001,2026-01-02,251362,NAT AIRWAYS,D Manna,N,,,,,N
SDA,S-GNEO5003JTPCVR,GNEO 500W 3J TOP COVER,916073405,2025-11-30,1,1,,0,0,0,0,1,,,G00001,2026-01-02,251362,NAT AIRWAYS,D Manna,N,,,,,N
SDA,S-GNEO5003JTPCVR,GNEO 500W 3J TOP COVER,916074084,2025-12-16,1,1,,0,0,0,0,1,,,G00001,2026-01-02,251362,NAT AIRWAYS,D Manna,N,,,,,N
SDA,S-INSTAGLDSOLEPLT,INSTAGLIDE SOLE PLATE WITH HEATING ELEM,916074084,2025-12-16,2,2,,0,0,0,0,2,,,G00001,2026-01-02,251362,NAT AIRWAYS,D Manna,N,,,,,N
SDA,S-INSTSRV2000DSPCB,NEW 2000W INSTASERV DISPLAY PCB,916073511,2025-12-04,2,2,,0,0,0,0,2,,,G00001,2026-01-02,251362,NAT AIRWAYS,D Manna,N,,,,,N
SDA,S-NGLAPRO5BLENDJR,NIGELLA PRO 500W BLDR JR ASLY WITH LID,916072567,2025-11-14,1,1,,0,0,0,0,1,,,G00001,2026-01-02,251362,NAT AIRWAYS,D Manna,N,,,,,N
SDA,S-NGLAPRO5CHTJR,NIGELLA PRO 500W CHUTNY JAR WITH LID,916072610,2025-11-15,2,2,,0,0,0,0,2,,,G00001,2026-01-02,251362,NAT AIRWAYS,D Manna,N,,,,,N
SDA,S-NGLAPRO5CHTJR,NIGELLA PRO 500W CHUTNY JAR WITH LID,916072613,2025-11-15,1,1,,0,0,0,0,1,,,G00001,2026-01-02,251362,NAT AIRWAYS,D Manna,N,,,,,N
SDA,S-NGLAPRO5MAINMTR,NIGELLA PRO 500W JAR MAIN MOTOR,916073405,2025-11-30,2,2,,0,0,0,0,2,,,G00001,2026-01-02,251362,NAT AIRWAYS,D Manna,N,,,,,N
SDA,S-NGLAPRO5WETJRSET,NIGELLA PRO 500W WET JAR ASLY WITH LID,916072567,2025-11-14,1,1,,0,0,0,0,1,,,G00001,2026-01-02,251362,NAT AIRWAYS,D Manna,N,,,,,N
SDA,S-NIGELA3JCHTJASLY,NIGELA 500W 3 JAR CHT JAR ASLY WITH LID,916074077,2025-12-16,5,5,,0,0,0,0,5,,,G00001,2026-01-02,251362,NAT AIRWAYS,D Manna,N,,,,,N
SDA,S-QSTADLX3JWTJASLY,QUESTADLX 500W 3 JAR WET JARASLYWITH LID,916074077,2025-12-16,2,2,,0,0,0,0,2,,,G00001,2026-01-02,251362,NAT AIRWAYS,D Manna,N,,,,,N
SDA,S-QUBE3J500WMOTR,QUBE 3J 500W MAIN MOTOR,916073713,2025-12-07,2,2,,0,0,0,0,2,,,G00001,2026-01-02,251362,NAT AIRWAYS,D Manna,N,,,,,N
SDA,S-QUBE3J500WRYJAS,QUBE 3J 500W DRY JAR ASSEMBLY,916073713,2025-12-07,2,2,,0,0,0,0,2,,,G00001,2026-01-02,251362,NAT AIRWAYS,D Manna,N,,,,,N
SDA,S-RITZSMAINMOTR,RITZS MG MAIN MOTOR,916073124,2025-11-24,2,2,,0,0,0,0,2,,,G00001,2026-01-02,251362,NAT AIRWAYS,D Manna,N,,,,,N
SDA,S-QUBE3J500WMOTR,QUBE 3J 500W MAIN MOTOR,916073823,2025-12-10,1,1,1,0,0,0,0,1,2026-01-03,,G00001,2026-01-02,251362,NAT AIRWAYS,D Manna,N,0,0,0,,N
SDA,S-QUBE3J500WRYJAS,QUBE 3J 500W DRY JAR ASSEMBLY,916073823,2025-12-10,1,1,0,0,0,0,0,1,2026-01-03,,G00001,2026-01-02,251362,NAT AIRWAYS,D Manna,N,1,0,0,,N
SDA,S-QUBE3J500WTOPCVR,QUBE 3J 500W MG TOP COVER,916073823,2025-12-10,1,1,0,0,0,0,0,1,2026-01-03,,G00001,2026-01-02,251362,NAT AIRWAYS,D Manna,N,0,1,0,,N
LIGHT,S0DVEXSQ-25W-700,25W SQUARE EXCELLITE DRIVER,916074268,2025-12-21,5,5,,0,0,,,5,,,,,,,,N,,,,,N
LIGHT,S0DVEXSQ-25W-700,25W SQUARE EXCELLITE DRIVER,916074269,2025-12-21,5,5,,0,0,,,5,,,,,,,,N,,,,,N
LIGHT,S0DVEXSQ-30W-700,30W SQUARE EXCELLITE DRIVER,916073767,2025-12-09,5,5,,0,0,,,5,,,,,,,,N,,,,,N
LIGHT,S0DVEXSQ-30W-700,30W SQUARE EXCELLITE DRIVER,916074270,2025-12-21,5,5,,0,0,,,5,,,,,,,,N,,,,,N
LIGHT,S0DVKCNIT-18-330,18W DRIVER FOR TROFFER 36W TILE,916074270,2025-12-21,20,20,,0,0,,,20,,,,,,,,N,,,,,N
LIGHT,S0DVRAL-40W-800,DRIVER 40W POST TOP NPD,916074022,2025-12-15,5,5,,0,0,,,5,,,,,,,,N,,,,,N
LIGHT,S0DVRAL-40W-800,DRIVER 40W POST TOP NPD,916074267,2025-12-21,5,5,,0,0,,,5,,,,,,,,N,,,,,N
LIGHT,S0EI05949,LED POPULATED MCPCB LR400148-A2,916074270,2025-12-21,5,5,,0,0,,,5,,,,,,,,N,,,,,N
LIGHT,S0EI05950,LED POPULATED MCPCB CLR400122-A2,916073808,2025-12-09,5,5,,0,0,,,5,,,,,,,,N,,,,,N
LIGHT,S0EI05950,LED POPULATED MCPCB CLR400122-A2,916074270,2025-12-21,10,10,,0,0,,,10,,,,,,,,N,,,,,N
LIGHT,S0EI06038,LED POPULATED MCPCB LF500103-A2,916074270,2025-12-21,10,10,,0,0,,,10,,,,,,,,N,,,,,N
LIGHT,S0EI06812,LED MCPCB MODULE LR400150-A2,916074022,2025-12-15,5,5,,0,0,,,5,,,,,,,,N,,,,,N
LIGHT,S0EI06812,LED MCPCB MODULE LR400150-A2,916074271,2025-12-21,14,14,,0,0,,,14,,,,,,,,N,,,,,N
LIGHT,S0EI06895CDL150/60,LED POPULATED MCPCB MODULE LHB11-150-CDL,916073808,2025-12-09,10,10,,0,0,,,10,,,,,,,,N,,,,,N
LIGHT,S0EI06895CDL150/60,LED POPULATED MCPCB MODULE LHB11-150-CDL,916074270,2025-12-21,10,10,,0,0,,,10,,,,,,,,N,,,,,N
LIGHT,S0EI07010 SLED,"LED MODULE SHORT L5,14,21,3,11,15 & 24",916074270,2025-12-21,10,10,,0,0,,,10,,,,,,,,N,,,,,N
LIGHT,S0EI07108,LED MCPCB MODULE LR400050-A2,916074022,2025-12-15,20,20,,0,0,,,20,,,,,,,,N,,,,,N
LIGHT,S0EI07834-R2 SLED,"LEDMODULE-SHORT L10,11,13,14,35,36,38,39",916074270,2025-12-21,20,20,,0,0,,,20,,,,,,,,N,,,,,N
LIGHT,S0EI08285,LED MCPCB MODULE CLF500170-A2,916074270,2025-12-21,10,10,,0,0,,,10,,,,,,,,N,,,,,N
LIGHT,S0EI08360,LED POPULATED MCPCB LFLN-150-CDL/60-M,916074270,2025-12-21,10,10,,0,0,,,10,,,,,,,,N,,,,,N
LIGHT,S0EI08700 SLED,"LMOD CLR400981-A2 SHORT L1,L8,L41 & L48",916074270,2025-12-21,5,5,,0,0,,,5,,,,,,,,N,,,,,N
LIGHT,S0EI08704 SLED,"LMOD CLR400836-A2 SHORT LED L1,L9,L16",916074270,2025-12-21,20,20,,0,0,,,20,,,,,,,,N,,,,,N
LIGHT,S0EI08830,LED MCPCB MODULE TLF500110-A2,916074271,2025-12-21,2,2,,0,0,,,2,,,,,,,,N,,,,,N
LIGHT,S0EI08846,LED MCPCB MODULE TLF500130-A2,916073767,2025-12-09,10,10,,0,0,,,10,,,,,,,,N,,,,,N
LIGHT,S0EI08846,LED MCPCB MODULE TLF500130-A2,916074270,2025-12-21,10,10,,0,0,,,10,,,,,,,,N,,,,,N
LIGHT,S0EI09585CDL45W,MCPCB FOR TRP-417-45-57-SL-LM-NBK,916074271,2025-12-21,10,10,,0,0,,,10,,,,,,,,N,,,,,N
LIGHT,S0EI09709,LED MCPCB MODULE TLF500160-E4,916074271,2025-12-21,10,10,,0,0,,,10,,,,,,,,N,,,,,N
LIGHT,S0EI09710,LED MCPCB MODULE TLF500170-E4,916074271,2025-12-21,10,10,,0,0,,,10,,,,,,,,N,,,,,N
LIGHT,S0EI09840,LED POPULATED MCPCB FOR TLR400200-A2,916074271,2025-12-21,20,20,,0,0,,,20,,,,,,,,N,,,,,N
LIGHT,S0EI11685,LED MCPCB MODULE TLR400230-E4,916074271,2025-12-21,20,20,,0,0,,,20,,,,,,,,N,,,,,N
WHC,S-GRACETNK5L,GRACE TANK 5L,916069989,2025-09-22,2,2,,0,0,0,0,2,,,G00002,2026-01-04,23156,NAT AIRWAYS,D Manna,N,,,,,
FANS,S-90002905,S-ACVORTEX MOTOR 750 (PED/WM),916068366,2025-08-19,2,1,,0,0,0,0,1,,,,,TCFGVHBJ,RDFGHVBN,Sukanya Manna,N,,,,, 
FANS,S-90002901,S-ACVORTEX 600 BLADE PWDR CTD (PED/WM),916068366,2025-08-19,15,13,,0,0,0,0,13,,,,,TCFGVHBJ,RDFGHVBN,Sukanya Manna,N,,,,, 
FANS,S-90000610,S-DRIFTAIR 6 MOTOR,916068367,2025-08-19,2,1,,0,0,0,0,1,,,,,TCFGVHBJ,RDFGHVBN,Sukanya Manna,N,,,,, 
FANS,S-90000615,S-DRIFTAIR 9 MOTOR,916068367,2025-08-19,4,4,,0,0,0,0,4,,,,,TCFGVHBJ,RDFGHVBN,Sukanya Manna,N,,,,, 
FANS,S-90000781,S-HDEF300 1PH4PL MOTOR,916068367,2025-08-19,2,2,,0,0,0,0,2,,,,,TCFGVHBJ,RDFGHVBN,Sukanya Manna,N,,,,, 
FANS,S-101007235,S-PCB CONTR EN STYLUS NON IOT-ETA-1,916068368,2025-08-19,4,2,,0,0,0,0,2,,,,,TCFGVHBJ,RDFGHVBN,Sukanya Manna,N,,,,, 
FANS,S-101007807,S-PCB CONTREN STYLUS NON IOT ETA-2.1,916068368,2025-08-19,2,2,,0,0,0,0,2,,,,,TCFGVHBJ,RDFGHVBN,Sukanya Manna,N,,,,, 
FANS,S-101007809,S-PCB CONTR ENSO SMART & CVR-ETA-2.1,916068368,2025-08-19,2,2,,0,0,0,0,2,,,,,TCFGVHBJ,RDFGHVBN,Sukanya Manna,N,,,,, 
FANS,S-101007806,S-PCB CONTR EN STY SMART PLS BOX ETA-2.1,916068368,2025-08-19,2,2,,0,0,0,0,2,,,,,TCFGVHBJ,RDFGHVBN,Sukanya Manna,N,,,,, 
FANS,S-101007808,S-PCB CONTR ENHS PLASTIC-ETA-2,916068368,2025-08-19,5,4,,0,0,0,0,4,,,,,TCFGVHBJ,RDFGHVBN,Sukanya Manna,N,,,,, 
FANS,S-101006238,S-PCB CONTR ENHS WTH PLASTIC-ETA-1,916068368,2025-08-19,10,7,,0,0,0,0,7,,,,,TCFGVHBJ,RDFGHVBN,Sukanya Manna,N,,,,, 
FANS,S-101001651,S-CONDENSOR 1.6 MFD 440V AC 50 HZ,916068369,2025-08-19,20,8,,0,0,0,0,8,,,,,TCFGVHBJ,RDFGHVBN,Sukanya Manna,N,,,,, 
FANS,S-90003451,S-HDEX 450-4-1 NEO MOTOR,916068385,2025-08-19,2,2,,0,0,0,0,2,,,,,TCFGVHBJ,RDFGHVBN,Sukanya Manna,N,,,,, 
FANS,S-90002110,S-AXIAL AIR MOTOR 150MM,916068513,2025-08-21,6,2,,0,0,0,0,2,,,,,TCFGVHBJ,RDFGHVBN,Sukanya Manna,N,,,,, 
FANS,S-90002065,S-VENTILUS/BRISKAIR+200MM MOTOR,916068660,2025-08-25,2,1,,0,0,0,0,1,,,,,TCFGVHBJ,RDFGHVBN,Sukanya Manna,N,,,,, 
FANS,S-90004560,"S-BLADE TORPEDO - 12"" KDWT",916068775,2025-08-26,2,2,,0,0,0,0,2,,,,,TCFGVHBJ,RDFGHVBN,Sukanya Manna,N,,,,, 
FANS,S-90005685,S-MOTOR ASSLY TORPEDO TF GEAR BOXNEW,916068775,2025-08-26,10,3,,0,0,0,0,3,,,,,TCFGVHBJ,RDFGHVBN,Sukanya Manna,N,,,,, 
FANS,S-90003080,S-HIGH FLO NEO 16 MOTOR-WF,916068847,2025-08-28,2,1,,0,0,0,0,1,,,,,TCFGVHBJ,RDFGHVBN,Sukanya Manna,N,,,,, 
FANS,S-90000211,S-AC 750 TELESC PIPE(CROME PLTD) (PED),916068847,2025-08-28,2,2,,0,0,0,0,2,,,,,TCFGVHBJ,RDFGHVBN,Sukanya Manna,N,,,,, 
FANS,S-90003090,S-HIGH FLO NEO 16 BLADE KDWT-P/WF,916068847,2025-08-28,2,2,,0,0,0,0,2,,,,,TCFGVHBJ,RDFGHVBN,Sukanya Manna,N,,,,, 
FANS,S-VW12PL3E2PB,S-WOUND STATOR 3E2PB VA12P BEECRCA-DSR1S,916068848,2025-08-28,2,2,,0,0,0,0,2,,,,,TCFGVHBJ,RDFGHVBN,Sukanya Manna,N,,,,, 
FANS,S-MOT-HS-TF-PF,"S-MOTOR ASSY PF-TF, HIGH SPEED",916068892,2025-08-28,1,1,,0,0,0,0,1,,,,,TCFGVHBJ,RDFGHVBN,Sukanya Manna,N,,,,, 
FANS,S-90007187,"S-PS NEW MOTOR ASSY SSTORM2 18"" 450MM",916068978,2025-08-31,3,2,,0,0,0,0,2,,,,,TCFGVHBJ,RDFGHVBN,Sukanya Manna,N,,,,, 
FANS,S-MOT-HS-WM-02,"S-MOTOR ASSY WM, HIGH SPEED",916069129,2025-09-04,2,2,,0,0,0,0,2,,,,,TCFGVHBJ,RDFGHVBN,Sukanya Manna,N,,,,, 
FANS,S-90000211,S-AC 750 TELESC PIPE(CROME PLTD) (PED),916069129,2025-09-04,2,2,,0,0,0,0,2,,,,,TCFGVHBJ,RDFGHVBN,Sukanya Manna,N,,,,, 
FANS,S-90000376,S-BRIZAIR/SUPRBRZDEC 600 WND STATOR ASLY,916069129,2025-09-04,2,2,,0,0,0,0,2,,,,,TCFGVHBJ,RDFGHVBN,Sukanya Manna,N,,,,, 
FANS,S-VW12PL3NBAL2,S-WOUND STATOR 3NBAL2 VA12PBEE CRCA-AL1S,916069186,2025-09-04,2,2,,0,0,0,0,2,,,,,TCFGVHBJ,RDFGHVBN,Sukanya Manna,N,,,,, 
FANS,S-90003080,S-HIGH FLO NEO 16 MOTOR-WF,916069186,2025-09-04,3,3,,0,0,0,0,3,,,,,TCFGVHBJ,RDFGHVBN,Sukanya Manna,N,,,,, 
FANS,S-VW14PL5CRA-2,S-WOUNDSTATOR 5CRA2 VA14P BEECRCA AU2 1S,916069186,2025-09-04,5,5,,0,0,0,0,5,,,,,TCFGVHBJ,RDFGHVBN,Sukanya Manna,N,,,,, 
FANS,S-90005475,"S-STATORASSY SB SEA WND/SEA BLS 48"" BEE",916069423,2025-09-08,20,3,,0,0,0,0,3,,,,,TCFGVHBJ,RDFGHVBN,Sukanya Manna,N,,,,, 
FANS,S-101007235,S-PCB CONTR EN STYLUS NON IOT-ETA-1,916069487,2025-09-09,4,4,,0,0,0,0,4,,,,,TCFGVHBJ,RDFGHVBN,Sukanya Manna,N,,,,, 
FANS,S-101006238,S-PCB CONTR ENHS WTH PLASTIC-ETA-1,916069487,2025-09-09,10,10,,0,0,0,0,10,,,,,TCFGVHBJ,RDFGHVBN,Sukanya Manna,N,,,,, 
FANS,S-101007808,S-PCB CONTR ENHS PLASTIC-ETA-2,916069488,2025-09-09,4,4,,0,0,0,0,4,,,,,TCFGVHBJ,RDFGHVBN,Sukanya Manna,N,,,,, 
FANS,S-101007809,S-PCB CONTR ENSO SMART & CVR-ETA-2.1,916069488,2025-09-09,4,4,,0,0,0,0,4,,,,,TCFGVHBJ,RDFGHVBN,Sukanya Manna,N,,,,, 
FANS,S-101008724,"S-BLADE 16"" HIGHSPEED BLACK - GALE PLUS",916069488,2025-09-09,6,6,,0,0,0,0,6,,,,,TCFGVHBJ,RDFGHVBN,Sukanya Manna,N,,,,, 
FANS,S-101007841,S-STATOR SHAFT ASSY SP ENSO 1.2M ETA2.1,916069488,2025-09-09,2,1,,0,0,0,0,1,,,,,TCFGVHBJ,RDFGHVBN,Sukanya Manna,N,,,,, 
FANS,S-90002065,S-VENTILUS/BRISKAIR+200MM MOTOR,916069488,2025-09-09,2,2,,0,0,0,0,2,,,,,TCFGVHBJ,RDFGHVBN,Sukanya Manna,N,,,,, 
FANS,S-101008913,S-STATORSHAFT ASSY EN HS 1.2M ETA2.1,916069488,2025-09-09,2,2,,0,0,0,0,2,,,,,TCFGVHBJ,RDFGHVBN,Sukanya Manna,N,,,,, 
FANS,S-101008773,S-PCB CONTR EN ROVERR SMART,916069488,2025-09-09,2,2,,0,0,0,0,2,,,,,TCFGVHBJ,RDFGHVBN,Sukanya Manna,N,,,,, 
FANS,S-101007807,S-PCB CONTREN STYLUS NON IOT ETA-2.1,916069488,2025-09-09,4,4,,0,0,0,0,4,,,,,TCFGVHBJ,RDFGHVBN,Sukanya Manna,N,,,,, 
FANS,S-90002843,S-BRIZSTAR FARRATA SUPPLY CORD,916069489,2025-09-09,6,5,,0,0,0,0,5,,,,,TCFGVHBJ,RDFGHVBN,Sukanya Manna,N,,,,, 
FANS,S-90002453,"S- 09""TA MOTOR",916069489,2025-09-09,1,1,,0,0,0,0,1,,,,,TCFGVHBJ,RDFGHVBN,Sukanya Manna,N,,,,, 
FANS,S-90002463,"S- 12""TA MOTOR",916069489,2025-09-09,2,2,,0,0,0,0,2,,,,,TCFGVHBJ,RDFGHVBN,Sukanya Manna,N,,,,, 
FANS,S-90002901,S-ACVORTEX 600 BLADE PWDR CTD (PED/WM),916069489,2025-09-09,4,4,,0,0,0,0,4,,,,,TCFGVHBJ,RDFGHVBN,Sukanya Manna,N,,,,, 
FANS,S-90003455,"S-HDEX 450-4-1 NEO BLADE ASSEMBLY 18""",916069489,2025-09-09,4,4,,0,0,0,0,4,,,,,TCFGVHBJ,RDFGHVBN,Sukanya Manna,N,,,,, 
FANS,S-90004442,S-BLADE TF HS TORPEDO 16- BLK,916069489,2025-09-09,2,2,,0,0,0,0,2,,,,,TCFGVHBJ,RDFGHVBN,Sukanya Manna,N,,,,, 
FANS,S-90002832,S-BRIZSTAR FARRATA CAPACITOR 4 MFD,916069489,2025-09-09,10,10,,0,0,0,0,10,,,,,TCFGVHBJ,RDFGHVBN,Sukanya Manna,N,,,,, 
FANS,S-90003706,"HDEX 380-4-1 NEO BLADE ASSEMBLY 15""",916069489,2025-09-09,2,2,,0,0,0,0,2,,,,,TCFGVHBJ,RDFGHVBN,Sukanya Manna,N,,,,, 
FANS,S-90004447,S-BACK FALSE COVER TORPEDO - BLK,916069490,2025-09-09,2,2,,0,0,0,0,2,,,,,TCFGVHBJ,RDFGHVBN,Sukanya Manna,N,,,,, 
FANS,S-90004458,S-FRONT FALSE COVER TORPEDO - BWT,916069490,2025-09-09,2,2,,0,0,0,0,2,,,,,TCFGVHBJ,RDFGHVBN,Sukanya Manna,N,,,,, 
FANS,S-90004459,S-BACK FALSE COVER TORPEDO - BWT,916069490,2025-09-09,2,2,,0,0,0,0,2,,,,,TCFGVHBJ,RDFGHVBN,Sukanya Manna,N,,,,, 
FANS,S-90004449,S-BLADE TF HS TORPEDO 16 - BLY,916069490,2025-09-09,2,2,,0,0,0,0,2,,,,,TCFGVHBJ,RDFGHVBN,Sukanya Manna,N,,,,, 
FANS,S-90005475,"S-STATORASSY SB SEA WND/SEA BLS 48"" BEE",916069490,2025-09-09,6,6,,0,0,0,0,6,,,,,TCFGVHBJ,RDFGHVBN,Sukanya Manna,N,,,,, 
FANS,S-90005837,S-STATORASSEMBLY ALPHABRIZ/HILLBRIZ48 1S,916069490,2025-09-09,4,4,,0,0,0,0,4,,,,,TCFGVHBJ,RDFGHVBN,Sukanya Manna,N,,,,, 
FANS,S-90005464,"S-SEABLISS LUSTER BROWN 48"" MOTOR 1S",916069490,2025-09-09,8,8,,0,0,0,0,8,,,,,TCFGVHBJ,RDFGHVBN,Sukanya Manna,N,,,,, 
FANS,S-90006071,"S-HS HS TORO 36"" PKD BLADE MAGIC BR 1S",916069491,2025-09-09,2,2,,0,0,0,0,2,,,,,TCFGVHBJ,RDFGHVBN,Sukanya Manna,N,,,,, 
FANS,S-MOT-HS-WM-02,"S-MOTOR ASSY WM, HIGH SPEED",916069491,2025-09-09,5,5,,0,0,0,0,5,,,,,TCFGVHBJ,RDFGHVBN,Sukanya Manna,N,,,,, 
FANS,S-90005706,"S-SB COOLBREEZE 48"" PKD BLADE LBR 1S",916069491,2025-09-09,2,2,,0,0,0,0,2,,,,,TCFGVHBJ,RDFGHVBN,Sukanya Manna,N,,,,, 
FANS,S-90006034,S-BRIZSTAR FARRATA OSC PF MOTOR,916069491,2025-09-09,1,1,,0,0,0,0,1,,,,,TCFGVHBJ,RDFGHVBN,Sukanya Manna,N,,,,, 
FANS,S-90006073,"S-HS HS TORO 36"" PKD BLADE WARM GREY 1S",916069491,2025-09-09,2,2,,0,0,0,0,2,,,,,TCFGVHBJ,RDFGHVBN,Sukanya Manna,N,,,,, 
FANS,S-90006104,S-CAPACTR BOX TYPE TAPPED 1.25/1.75 MFD,916069491,2025-09-09,5,5,,0,0,0,0,5,,,,,TCFGVHBJ,RDFGHVBN,Sukanya Manna,N,,,,, 
FANS,S-90005707,"S-SB COOLBREEZE 48"" PKD BLADE OPW 1S",916069491,2025-09-09,2,2,,0,0,0,0,2,,,,,TCFGVHBJ,RDFGHVBN,Sukanya Manna,N,,,,, 
FANS,S-90006460,"S-LX INFINIA ANTQ BRASS 48"" MOTOR 1S",916069492,2025-09-09,2,2,,0,0,0,0,2,,,,,TCFGVHBJ,RDFGHVBN,Sukanya Manna,N,,,,, 
FANS,S-101011781,S-RING DECO MOT AVR2 CONCH CREAM/GOLD,916069492,2025-09-09,2,2,,0,0,0,0,2,,,,,TCFGVHBJ,RDFGHVBN,Sukanya Manna,N,,,,, 
FANS,S-90005249,"S-STATOR ASSEMBLY SB MONTANIA 48""",916069492,2025-09-09,4,4,,0,0,0,0,4,,,,,TCFGVHBJ,RDFGHVBN,Sukanya Manna,N,,,,, 
FANS,S-90006475,S-STATORASSEMBLY LX INFINIA 48'' 1S,916069492,2025-09-09,2,2,,0,0,0,0,2,,,,,TCFGVHBJ,RDFGHVBN,Sukanya Manna,N,,,,, 
FANS,S-COMM-ENSO-HS,S- COMMON PCB CONTR ENSO &ENHS-NON IOT,916069492,2025-09-09,100,17,,0,0,0,0,17,,,,,TCFGVHBJ,RDFGHVBN,Sukanya Manna,N,,,,, 
FANS,S-90007190,S-PS CAPACITOR BOX TYPE 3MFD FOR SSTROM2,916069492,2025-09-09,5,5,,0,0,0,0,5,,,,,TCFGVHBJ,RDFGHVBN,Sukanya Manna,N,,,,, 
FANS,S-90002666,S-ACVORTEX 600 BASE ASLY.CI CASTING(PED),916069521,2025-09-09,6,6,,0,0,0,0,6,,,,,TCFGVHBJ,RDFGHVBN,Sukanya Manna,N,,,,, 
FANS,S-90002905,S-ACVORTEX MOTOR 750 (PED/WM),916069521,2025-09-09,2,2,,0,0,0,0,2,,,,,TCFGVHBJ,RDFGHVBN,Sukanya Manna,N,,,,, 
FANS,S-90002667,S-ACVORTEX 600 BASE COVER PWDR CTD (PED),916069521,2025-09-09,4,4,,0,0,0,0,4,,,,,TCFGVHBJ,RDFGHVBN,Sukanya Manna,N,,,,, 
FANS,S-90002668,S-ACVORTEX 600 BASE PIPE PWDR CTD (PED),916069521,2025-09-09,6,6,,0,0,0,0,6,,,,,TCFGVHBJ,RDFGHVBN,Sukanya Manna,N,,,,, 
FANS,CFHSRIV48BRN1S,1200IM54 HS RIVIERA 48 BRN 1S,916069817,2025-09-19,8,3,,0,0,0,0,3,,,,,TCFGVHBJ,RDFGHVBN,Sukanya Manna,N,,,,, 
FANS,S-101009140,S-PCB CONTR ENERGION GR 28W REG,916069875,2025-09-19,10,10,,0,0,0,0,10,,,,,TCFGVHBJ,RDFGHVBN,Sukanya Manna,N,,,,, 
FANS,S-KBPRAV248CCR3S3B,S-PKD BLD PR AVR2 1.2M CONCH CREAM 3B 3S,916069981,2025-09-22,2,2,,0,0,0,0,2,,,,,TCFGVHBJ,RDFGHVBN,Sukanya Manna,N,,,,, 
FANS,S-MOT-HS-WM-02,"S-MOTOR ASSY WM, HIGH SPEED",916069981,2025-09-22,5,5,,0,0,0,0,5,,,,,TCFGVHBJ,RDFGHVBN,Sukanya Manna,N,,,,, 
FANS,S-90000376,S-BRIZAIR/SUPRBRZDEC 600 WND STATOR ASLY,916069981,2025-09-22,2,2,,0,0,0,0,2,,,,,TCFGVHBJ,RDFGHVBN,Sukanya Manna,N,,,,, 
FANS,S-KBHSHS48BRN3B,"S-PKD BLD HS HS 1.2M BRN,3B-BEE",916069985,2025-09-22,4,4,,0,0,0,0,4,,,,,TCFGVHBJ,RDFGHVBN,Sukanya Manna,N,,,,, 
FANS,S-90000615,S-DRIFTAIR 9 MOTOR,916069986,2025-09-22,2,2,,0,0,0,0,2,,,,,TCFGVHBJ,RDFGHVBN,Sukanya Manna,N,,,,, 
FANS,S-VW14PL5CRAH,"S-WOUND STATOR 5CRAH VAR14PBEE,HYBRID-1S",916069988,2025-09-22,2,2,,0,0,0,0,2,,,,,TCFGVHBJ,RDFGHVBN,Sukanya Manna,N,,,,, 
FANS,S-101007841,S-STATOR SHAFT ASSY SP ENSO 1.2M ETA2.1,916069988,2025-09-22,2,2,,0,0,0,0,2,,,,,TCFGVHBJ,RDFGHVBN,Sukanya Manna,N,,,,, 
FANS,S-90005688,S-MOTOR ASSLY TORPEDO NEW WM GEAR BOX,916069988,2025-09-22,2,2,,0,0,0,0,2,,,,,TCFGVHBJ,RDFGHVBN,Sukanya Manna,N,,,,, 
FANS,S-90001362,S-PAWAN 1200MM WOUND STATOR WITH SHAFT,916070033,2025-09-22,5,5,,0,0,0,0,5,,,,,TCFGVHBJ,RDFGHVBN,Sukanya Manna,N,,,,, 
FANS,S-90002834,S-BRIZSTAR FARRATA BLADE,916070165,2025-09-24,2,2,,0,0,0,0,2,,,,,TCFGVHBJ,RDFGHVBN,Sukanya Manna,N,,,,, 
FANS,S-VW14PL5CRA3B,"S-WOUND STATOR 5CRA3B VAR14PBEE,CRCA-SNT",916070167,2025-09-24,2,2,,0,0,0,0,2,,,,,TCFGVHBJ,RDFGHVBN,Sukanya Manna,N,,,,, 
FANS,S-90004406,S-MOTOR ASSEMBLY TORPEDO,916070252,2025-09-25,1,1,,0,0,0,0,1,,,,,TCFGVHBJ,RDFGHVBN,Sukanya Manna,N,,,,, 
FANS,S-101001660,S-CONDENSOR 2.25 MFD 440V AC 50 HZ S,916070252,2025-09-25,10,10,,0,0,0,0,10,,,,,TCFGVHBJ,RDFGHVBN,Sukanya Manna,N,,,,, 
FANS,S-101001654,S-CONDENSOR 2 MFD 440V AC 50 HZ,916070252,2025-09-25,10,10,,0,0,0,0,10,,,,,TCFGVHBJ,RDFGHVBN,Sukanya Manna,N,,,,, 
FANS,S-90005685,S-MOTOR ASSLY TORPEDO TF GEAR BOXNEW,916070252,2025-09-25,5,5,,0,0,0,0,5,,,,,TCFGVHBJ,RDFGHVBN,Sukanya Manna,N,,,,, 
FANS,S-90002110,S-AXIAL AIR MOTOR 150MM,916070252,2025-09-25,4,4,,0,0,0,0,4,,,,,TCFGVHBJ,RDFGHVBN,Sukanya Manna,N,,,,, 
FANS,S-90005688,S-MOTOR ASSLY TORPEDO NEW WM GEAR BOX,916070252,2025-09-25,5,5,,0,0,0,0,5,,,,,TCFGVHBJ,RDFGHVBN,Sukanya Manna,N,,,,, 
FANS,S-101007235,S-PCB CONTR EN STYLUS NON IOT-ETA-1,916070257,2025-09-26,4,4,,0,0,0,0,4,,,,,TCFGVHBJ,RDFGHVBN,Sukanya Manna,N,,,,, 
FANS,S-101011597,S-PCB CONTR KIT EN RIV 1.2M REG-SC,916070257,2025-09-26,6,5,,0,0,0,0,5,,,,,TCFGVHBJ,RDFGHVBN,Sukanya Manna,N,,,,, 
FANS,S-101009945,S-PCB CONTROLLER SP ENSO 0.9M WITH COVER,916070257,2025-09-26,2,2,,0,0,0,0,2,,,,,TCFGVHBJ,RDFGHVBN,Sukanya Manna,N,,,,, 
FANS,S-101006238,S-PCB CONTR ENHS WTH PLASTIC-ETA-1,916070257,2025-09-26,5,5,,0,0,0,0,5,,,,,TCFGVHBJ,RDFGHVBN,Sukanya Manna,N,,,,, 
FANS,S-101007807,S-PCB CONTREN STYLUS NON IOT ETA-2.1,916070257,2025-09-26,2,2,,0,0,0,0,2,,,,,TCFGVHBJ,RDFGHVBN,Sukanya Manna,N,,,,, 
FANS,S-101001652,S-CONDENSOR 1.7 MFD 440V AC 50 HZ,916070257,2025-09-26,20,20,,0,0,0,0,20,,,,,TCFGVHBJ,RDFGHVBN,Sukanya Manna,N,,,,, 
LIGHT,S0EPC068,LED POPULATED MCPCB FOR 70W WELL GLASS,916074272,2025-12-21,5,5,,0,0,,,5,,,,,,,,N,,,,,N
LIGHT,S0FTS-KC-54,LED POPULATED MCPCB_2X2 TILE_KCF,916074271,2025-12-21,20,20,,0,0,,,20,,,,,,,,N,,,,,N
FANS,S-101007808,S-PCB CONTR ENHS PLASTIC-ETA-2,916070257,2025-09-26,6,6,,0,0,0,0,6,,,,,TCFGVHBJ,RDFGHVBN,Sukanya Manna,N,,,,, 
FANS,S-COMM-ENSO-HS,S- COMMON PCB CONTR ENSO &ENHS-NON IOT,916070257,2025-09-26,50,50,,0,0,0,0,50,,,,,TCFGVHBJ,RDFGHVBN,Sukanya Manna,N,,,,, 
FANS,S-90000376,S-BRIZAIR/SUPRBRZDEC 600 WND STATOR ASLY,916070257,2025-09-26,4,4,,0,0,0,0,4,,,,,TCFGVHBJ,RDFGHVBN,Sukanya Manna,N,,,,, 
FANS,S-101008773,S-PCB CONTR EN ROVERR SMART,916070257,2025-09-26,2,2,,0,0,0,0,2,,,,,TCFGVHBJ,RDFGHVBN,Sukanya Manna,N,,,,, 
FANS,S-101007809,S-PCB CONTR ENSO SMART & CVR-ETA-2.1,916070257,2025-09-26,6,6,,0,0,0,0,6,,,,,TCFGVHBJ,RDFGHVBN,Sukanya Manna,N,,,,, 
FANS,S-90002834,S-BRIZSTAR FARRATA BLADE,916070273,2025-09-26,4,3,,0,0,0,0,3,,,,,TCFGVHBJ,RDFGHVBN,Sukanya Manna,N,,,,, 
FANS,S-90005785,S-STATOR ASSEMBLY GALLOP 48'' 1S,916070273,2025-09-26,2,2,,0,0,0,0,2,,,,,TCFGVHBJ,RDFGHVBN,Sukanya Manna,N,,,,, 
FANS,S-90002831,S-BRIZSTAR FARRATA PF MOTOR,916070273,2025-09-26,8,8,,0,0,0,0,8,,,,,TCFGVHBJ,RDFGHVBN,Sukanya Manna,N,,,,, 
FANS,S-90002832,S-BRIZSTAR FARRATA CAPACITOR 4 MFD,916070273,2025-09-26,10,10,,0,0,0,0,10,,,,,TCFGVHBJ,RDFGHVBN,Sukanya Manna,N,,,,, 
FANS,S-90005837,S-STATORASSEMBLY ALPHABRIZ/HILLBRIZ48 1S,916070273,2025-09-26,4,4,,0,0,0,0,4,,,,,TCFGVHBJ,RDFGHVBN,Sukanya Manna,N,,,,, 
FANS,S-101007841,S-STATOR SHAFT ASSY SP ENSO 1.2M ETA2.1,916070273,2025-09-26,2,2,,0,0,0,0,2,,,,,TCFGVHBJ,RDFGHVBN,Sukanya Manna,N,,,,, 
FANS,S-90005442,"S-STATOR ASSEMBLY GIANNA 48"" 1S",916070273,2025-09-26,4,4,,0,0,0,0,4,,,,,TCFGVHBJ,RDFGHVBN,Sukanya Manna,N,,,,, 
FANS,S-90004560,"S-BLADE TORPEDO - 12"" KDWT",916070274,2025-09-26,2,2,,0,0,0,0,2,,,,,TCFGVHBJ,RDFGHVBN,Sukanya Manna,N,,,,, 
FANS,S-MOT-HS-TF-PF,"S-MOTOR ASSY PF-TF, HIGH SPEED",916070274,2025-09-26,4,4,,0,0,0,0,4,,,,,TCFGVHBJ,RDFGHVBN,Sukanya Manna,N,,,,, 
FANS,S-MOT-HS-WM-02,"S-MOTOR ASSY WM, HIGH SPEED",916070274,2025-09-26,4,4,,0,0,0,0,4,,,,,TCFGVHBJ,RDFGHVBN,Sukanya Manna,N,,,,, 
FANS,S-90004430,S-BACK FALSE COVER TORPEDO - KDWT,916070274,2025-09-26,2,2,,0,0,0,0,2,,,,,TCFGVHBJ,RDFGHVBN,Sukanya Manna,N,,,,, 
FANS,S-101001651,S-CONDENSOR 1.6 MFD 440V AC 50 HZ,916070274,2025-09-26,10,10,,0,0,0,0,10,,,,,TCFGVHBJ,RDFGHVBN,Sukanya Manna,N,,,,, 
FANS,S-101010123,S-FRONT FALSE COVER - GALE PLUS KD WHT,916070274,2025-09-26,2,2,,0,0,0,0,2,,,,,TCFGVHBJ,RDFGHVBN,Sukanya Manna,N,,,,, 
FANS,S-MOT-NS-TF-PF,"S-MOTOR ASSY PF-TF,NORMAL SPEED",916070274,2025-09-26,2,2,,0,0,0,0,2,,,,,TCFGVHBJ,RDFGHVBN,Sukanya Manna,N,,,,, 
FANS,S-VW12PL3E2PB,S-WOUND STATOR 3E2PB VA12P BEECRCA-DSR1S,916070274,2025-09-26,4,4,,0,0,0,0,4,,,,,TCFGVHBJ,RDFGHVBN,Sukanya Manna,N,,,,, 
FANS,CFENHS48BRN5S-SC,ENERGION HS 1.2M BROWN 5S -SC,916070394,2025-10-05,8,2,,0,0,0,0,2,,,,,TCFGVHBJ,RDFGHVBN,Sukanya Manna,N,,,,, 
FANS,S-90001362,S-PAWAN 1200MM WOUND STATOR WITH SHAFT,916070457,2025-10-06,2,2,,0,0,0,0,2,,,,,TCFGVHBJ,RDFGHVBN,Sukanya Manna,N,,,,, 
FANS,S-VW14PL5CRA,"S-WOUND STATOR 5CRA VAR.14P BEE,CRCAHSPL",916070457,2025-10-06,1,1,,0,0,0,0,1,,,,,TCFGVHBJ,RDFGHVBN,Sukanya Manna,N,,,,, 
FANS,S-90001362,S-PAWAN 1200MM WOUND STATOR WITH SHAFT,916070466,2025-10-06,2,2,,0,0,0,0,2,,,,,TCFGVHBJ,RDFGHVBN,Sukanya Manna,N,,,,, 
FANS,S-90006163,"S-SURBRZ HILLBRIZ 48"" PKD BLADE BROWN 1S",916070466,2025-10-06,3,3,,0,0,0,0,3,,,,,TCFGVHBJ,RDFGHVBN,Sukanya Manna,N,,,,, 
FANS,S-COMM-ENSO-HS,S- COMMON PCB CONTR ENSO &ENHS-NON IOT,916070466,2025-10-06,30,30,,0,0,0,0,30,,,,,TCFGVHBJ,RDFGHVBN,Sukanya Manna,N,,,,, 
FANS,S-90005475,"S-STATORASSY SB SEA WND/SEA BLS 48"" BEE",916070466,2025-10-06,2,2,,0,0,0,0,2,,,,,TCFGVHBJ,RDFGHVBN,Sukanya Manna,N,,,,, 
FANS,S-90005685,S-MOTOR ASSLY TORPEDO TF GEAR BOXNEW,916070466,2025-10-06,2,2,,0,0,0,0,2,,,,,TCFGVHBJ,RDFGHVBN,Sukanya Manna,N,,,,, 
FANS,S-90005685,S-MOTOR ASSLY TORPEDO TF GEAR BOXNEW,916070493,2025-10-06,2,2,,0,0,0,0,2,,,,,TCFGVHBJ,RDFGHVBN,Sukanya Manna,N,,,,, 
FANS,S-90004406,S-MOTOR ASSEMBLY TORPEDO,916070493,2025-10-06,1,1,,0,0,0,0,1,,,,,TCFGVHBJ,RDFGHVBN,Sukanya Manna,N,,,,, 
FANS,S-90004415,S-CONDENSOR TORPEDO,916070493,2025-10-06,2,2,,0,0,0,0,2,,,,,TCFGVHBJ,RDFGHVBN,Sukanya Manna,N,,,,, 
FANS,S-101006202,S-STATOR SHAFT ASY SILENT PRO ENSO 1.2M,916070493,2025-10-06,2,2,,0,0,0,0,2,,,,,TCFGVHBJ,RDFGHVBN,Sukanya Manna,N,,,,, 
FANS,S-90005688,S-MOTOR ASSLY TORPEDO NEW WM GEAR BOX,916070493,2025-10-06,1,1,,0,0,0,0,1,,,,,TCFGVHBJ,RDFGHVBN,Sukanya Manna,N,,,,, 
FANS,S-101010845,S-PCB CONTR KIT EN COK/HYPRJT 35W REM,916070542,2025-10-07,30,2,,0,0,0,0,2,,,,,TCFGVHBJ,RDFGHVBN,Sukanya Manna,N,,,,, 
FANS,S-90002110,S-AXIAL AIR MOTOR 150MM,916070608,2025-10-07,1,1,,0,0,0,0,1,,,,,TCFGVHBJ,RDFGHVBN,Sukanya Manna,N,,,,, 
FANS,S-KBPRAV248CCR3S3B,S-PKD BLD PR AVR2 1.2M CONCH CREAM 3B 3S,916070608,2025-10-07,1,1,,0,0,0,0,1,,,,,TCFGVHBJ,RDFGHVBN,Sukanya Manna,N,,,,, 
FANS,S-90000376,S-BRIZAIR/SUPRBRZDEC 600 WND STATOR ASLY,916070608,2025-10-07,2,2,,0,0,0,0,2,,,,,TCFGVHBJ,RDFGHVBN,Sukanya Manna,N,,,,, 
FANS,S-90001362,S-PAWAN 1200MM WOUND STATOR WITH SHAFT,916070608,2025-10-07,1,1,,0,0,0,0,1,,,,,TCFGVHBJ,RDFGHVBN,Sukanya Manna,N,,,,, 
FANS,S-VW14PL5CRB,"S-WOUND STATOR 5CRB VAR14P BEE,CRCA-HS56",916070608,2025-10-07,2,2,,0,0,0,0,2,,,,,TCFGVHBJ,RDFGHVBN,Sukanya Manna,N,,,,, 
FANS,CFPRAV2PM48IECAD3S,1200IM45 PR AVANCER2 48 ICE COF AD 3S,916070620,2025-10-07,4,1,,0,0,0,0,1,,,,,TCFGVHBJ,RDFGHVBN,Sukanya Manna,N,,,,, 
FANS,S-90004419,S-SWITCH TORPEDO TF - KDWT,916070747,2025-10-09,2,2,,0,0,0,0,2,,,,,TCFGVHBJ,RDFGHVBN,Sukanya Manna,N,,,,, 
FANS,S-90004415,S-CONDENSOR TORPEDO,916070747,2025-10-09,10,10,,0,0,0,0,10,,,,,TCFGVHBJ,RDFGHVBN,Sukanya Manna,N,,,,, 
FANS,S-VW14PL5CRAH,"S-WOUND STATOR 5CRAH VAR14PBEE,HYBRID-1S",916070747,2025-10-09,1,1,,0,0,0,0,1,,,,,TCFGVHBJ,RDFGHVBN,Sukanya Manna,N,,,,, 
FANS,S-90004425,S-BLADE TF HS TORPEDO 16 - KDWT,916070747,2025-10-09,2,2,,0,0,0,0,2,,,,,TCFGVHBJ,RDFGHVBN,Sukanya Manna,N,,,,, 
FANS,S-BLDC-PS-NUCLEUS,S-PCBA POWER SUPPLY - NUCLEOID PACK,916070752,2025-10-09,1,1,,0,0,0,0,1,,,,,TCFGVHBJ,RDFGHVBN,Sukanya Manna,N,,,,, 
FANS,S-BLDC-DRV-NITEO,S-PCBA DRIVER - NITEO-PACK,916070752,2025-10-09,1,1,,0,0,0,0,1,,,,,TCFGVHBJ,RDFGHVBN,Sukanya Manna,N,,,,, 
FANS,S-LED-DIFFU-ASSY.,S-LED DIFFUSER ASSEMBLY - EN NITEO PACK,916070752,2025-10-09,1,1,,0,0,0,0,1,,,,,TCFGVHBJ,RDFGHVBN,Sukanya Manna,N,,,,, 
FANS,CFSBSBL48OPW1S,1200IM52 SB SEA BLISS 48 OPL WHT 1S,916070832,2025-10-11,2,2,,0,0,0,0,2,,,,,TCFGVHBJ,RDFGHVBN,Sukanya Manna,N,,,,, 
FANS,S-90005475,"S-STATORASSY SB SEA WND/SEA BLS 48"" BEE",916070851,2025-10-11,1,1,,0,0,0,0,1,,,,,TCFGVHBJ,RDFGHVBN,Sukanya Manna,N,,,,, 
FANS,S-101007807,S-PCB CONTREN STYLUS NON IOT ETA-2.1,916070851,2025-10-11,1,1,,0,0,0,0,1,,,,,TCFGVHBJ,RDFGHVBN,Sukanya Manna,N,,,,, 
FANS,S-101007235,S-PCB CONTR EN STYLUS NON IOT-ETA-1,916070851,2025-10-11,1,1,,0,0,0,0,1,,,,,TCFGVHBJ,RDFGHVBN,Sukanya Manna,N,,,,, 
FANS,S-MOT-HS-WM-02,"S-MOTOR ASSY WM, HIGH SPEED",916071001,2025-10-15,1,1,,0,0,0,0,1,,,,,TCFGVHBJ,RDFGHVBN,Sukanya Manna,N,,,,, 
FANS,S-90005475,"S-STATORASSY SB SEA WND/SEA BLS 48"" BEE",916071001,2025-10-15,1,1,,0,0,0,0,1,,,,,TCFGVHBJ,RDFGHVBN,Sukanya Manna,N,,,,, 
FANS,S-90000610,S-DRIFTAIR 6 MOTOR,916071001,2025-10-15,1,1,,0,0,0,0,1,,,,,TCFGVHBJ,RDFGHVBN,Sukanya Manna,N,,,,, 
FANS,S-90005580,"S-HS HS TORO 48"" PKD BLADE BIRKEN EFF 1S",916071001,2025-10-15,2,2,,0,0,0,0,2,,,,,TCFGVHBJ,RDFGHVBN,Sukanya Manna,N,,,,, 
FANS,S-MOT-HS-TF-PF,"S-MOTOR ASSY PF-TF, HIGH SPEED",916071001,2025-10-15,1,1,,0,0,0,0,1,,,,,TCFGVHBJ,RDFGHVBN,Sukanya Manna,N,,,,, 
FANS,S-90000609,S-DRIFTAIR 6 METAL BLADE,916071001,2025-10-15,1,1,,0,0,0,0,1,,,,,TCFGVHBJ,RDFGHVBN,Sukanya Manna,N,,,,, 
FANS,S-LED-KIT-BSM,S-LED KIT SP BLOSSOM,916071057,2025-10-16,1,1,,0,0,0,0,1,,,,,TCFGVHBJ,RDFGHVBN,Sukanya Manna,N,,,,, 
FANS,S-90001362,S-PAWAN 1200MM WOUND STATOR WITH SHAFT,916071102,2025-10-17,6,6,,0,0,0,0,6,,,,,TCFGVHBJ,RDFGHVBN,Sukanya Manna,N,,,,, 
FANS,S-90005475,"S-STATORASSY SB SEA WND/SEA BLS 48"" BEE",916071102,2025-10-17,6,6,,0,0,0,0,6,,,,,TCFGVHBJ,RDFGHVBN,Sukanya Manna,N,,,,, 
FANS,S-LED-KIT-ROV,S-LED KIT EN ROVERR,916071102,2025-10-17,2,2,,0,0,0,0,2,,,,,TCFGVHBJ,RDFGHVBN,Sukanya Manna,N,,,,, 
FANS,AXIALAIR8WHT,"AXIAL AIR 200 MM (8"") FAN WHITE",916071131,2025-10-17,2,1,,0,0,0,0,1,,,,,TCFGVHBJ,RDFGHVBN,Sukanya Manna,N,,,,, 
FANS,CFHSRPD48MBKAD1S,1200IM53 HS RAPIDUS 48 BKN MT 1S,916071131,2025-10-17,1,1,,0,0,0,0,1,,,,,TCFGVHBJ,RDFGHVBN,Sukanya Manna,N,,,,, 
FANS,CFPRAV2PM48COCAD3S,1200IM45 PR AVANCER2 48 CCO GLD AD3S,916071131,2025-10-17,2,2,,0,0,0,0,2,,,,,TCFGVHBJ,RDFGHVBN,Sukanya Manna,N,,,,, 
FANS,S-90000376,S-BRIZAIR/SUPRBRZDEC 600 WND STATOR ASLY,916071152,2025-10-18,2,2,,0,0,0,0,2,,,,,TCFGVHBJ,RDFGHVBN,Sukanya Manna,N,,,,, 
FANS,S-VW14PL5CRA-2,S-WOUNDSTATOR 5CRA2 VA14P BEECRCA AU2 1S,916071152,2025-10-18,1,1,,0,0,0,0,1,,,,,TCFGVHBJ,RDFGHVBN,Sukanya Manna,N,,,,, 
FANS,S-KBARY48MKBN3B,S-PKD BLD ARIYBRIZ PM 1.2M MINK BRN3B,916071152,2025-10-18,2,2,,0,0,0,0,2,,,,,TCFGVHBJ,RDFGHVBN,Sukanya Manna,N,,,,, 
FANS,S-90006893,S-CARTON MOTOR S/U SB STAR DRIFT CF 1S,916071152,2025-10-18,2,2,,0,0,0,0,2,,,,,TCFGVHBJ,RDFGHVBN,Sukanya Manna,N,,,,, 
FANS,S-90004554,S-MOTOR ASSEMBLY TORPEDO 300MM,916071175,2025-10-18,5,5,,0,0,0,0,5,,,,,TCFGVHBJ,RDFGHVBN,Sukanya Manna,N,,,,, 
FANS,S-90004554,S-MOTOR ASSEMBLY TORPEDO 300MM,916071176,2025-10-18,4,4,,0,0,0,0,4,,,,,TCFGVHBJ,RDFGHVBN,Sukanya Manna,N,,,,, 
FANS,S-90004554,S-MOTOR ASSEMBLY TORPEDO 300MM,916071178,2025-10-18,4,4,,0,0,0,0,4,,,,,TCFGVHBJ,RDFGHVBN,Sukanya Manna,N,,,,, 
FANS,S-VW14PL5CRA,"S-WOUND STATOR 5CRA VAR.14P BEE,CRCAHSPL",916071296,2025-10-21,1,1,,0,0,0,0,1,,,,,TCFGVHBJ,RDFGHVBN,Sukanya Manna,N,,,,, 
FANS,S-VW14PL5CRA,"S-WOUND STATOR 5CRA VAR.14P BEE,CRCAHSPL",916071303,2025-10-21,4,4,,0,0,0,0,4,,,,,TCFGVHBJ,RDFGHVBN,Sukanya Manna,N,,,,, 
FANS,S-101010845,S-PCB CONTR KIT EN COK/HYPRJT 35W REM,916071313,2025-10-21,10,10,,0,0,0,0,10,,,,,TCFGVHBJ,RDFGHVBN,Sukanya Manna,N,,,,, 
FANS,S-101010845,S-PCB CONTR KIT EN COK/HYPRJT 35W REM,916071332,2025-10-21,20,20,,0,0,0,0,20,,,,,TCFGVHBJ,RDFGHVBN,Sukanya Manna,N,,,,, 
FANS,S-VW12PL3E2PB,S-WOUND STATOR 3E2PB VA12P BEECRCA-DSR1S,916071398,2025-10-21,4,4,,0,0,0,0,4,,,,,TCFGVHBJ,RDFGHVBN,Sukanya Manna,N,,,,, 
FANS,S-90001362,S-PAWAN 1200MM WOUND STATOR WITH SHAFT,916071434,2025-10-22,1,1,,0,0,0,0,1,,,,,TCFGVHBJ,RDFGHVBN,Sukanya Manna,N,,,,, 
FANS,AXIALAIR6IVY,"AXIAL AIR 150 MM (6"") FAN IVY",916071439,2025-10-22,6,6,,0,0,0,0,6,,,,,TCFGVHBJ,RDFGHVBN,Sukanya Manna,N,,,,, 
FANS,S-MOT-HS-WM-02,"S-MOTOR ASSY WM, HIGH SPEED",916071474,2025-10-23,2,2,,0,0,0,0,2,,,,,TCFGVHBJ,RDFGHVBN,Sukanya Manna,N,,,,, 
FANS,S-90005837,S-STATORASSEMBLY ALPHABRIZ/HILLBRIZ48 1S,916071474,2025-10-23,2,2,,0,0,0,0,2,,,,,TCFGVHBJ,RDFGHVBN,Sukanya Manna,N,,,,, 
FANS,S-MOT-NS-WM,"S-MOTOR ASSY WM, NORMAL SPEED",916071474,2025-10-23,2,2,,0,0,0,0,2,,,,,TCFGVHBJ,RDFGHVBN,Sukanya Manna,N,,,,, 
FANS,S-101011557,S-PCB CONTROLLER - EN GROOVE 28W RGMOTE,916071474,2025-10-23,5,2,,0,0,0,0,2,,,,,TCFGVHBJ,RDFGHVBN,Sukanya Manna,N,,,,, 
FANS,S-VW12PLENGRBL-A,"S-WOUND STATOR BL-A VARNI-BLDC,12P EN GR",916071671,2025-10-25,2,2,,0,0,0,0,2,,,,,TCFGVHBJ,RDFGHVBN,Sukanya Manna,N,,,,, 
FANS,S-90005685,S-MOTOR ASSLY TORPEDO TF GEAR BOXNEW,916071671,2025-10-25,10,10,,0,0,0,0,10,,,,,TCFGVHBJ,RDFGHVBN,Sukanya Manna,N,,,,, 
FANS,S-VW14PL5X,S-WOUND STATOR 5X VARNISHED-14P,916071671,2025-10-25,1,1,,0,0,0,0,1,,,,,TCFGVHBJ,RDFGHVBN,Sukanya Manna,N,,,,, 
FANS,S-90000370,S-BRIZAIR 600MM CARTON MOTOR S/U,916071671,2025-10-25,2,2,,0,0,0,0,2,,,,,TCFGVHBJ,RDFGHVBN,Sukanya Manna,N,,,,, 
FANS,CFPRAURPM48BKEAD1S,1200IM55 PR AURA PM 48 BKN EFF AD1S,916071690,2025-10-27,1,1,,0,0,0,0,1,,,,,TCFGVHBJ,RDFGHVBN,Sukanya Manna,N,,,,, 
FANS,S-LED-DIFFU-ASSY.,S-LED DIFFUSER ASSEMBLY - EN NITEO PACK,916071716,2025-10-27,2,2,,0,0,0,0,2,,,,,TCFGVHBJ,RDFGHVBN,Sukanya Manna,N,,,,, 
FANS,S-BLDC-DRV-NITEO,S-PCBA DRIVER - NITEO-PACK,916071716,2025-10-27,2,2,,0,0,0,0,2,,,,,TCFGVHBJ,RDFGHVBN,Sukanya Manna,N,,,,, 
FANS,S-BLDC-PS-NUCLEUS,S-PCBA POWER SUPPLY - NUCLEOID PACK,916071716,2025-10-27,2,2,,0,0,0,0,2,,,,,TCFGVHBJ,RDFGHVBN,Sukanya Manna,N,,,,, 
FANS,CFHSJURPM48ICFAD1S,HISPEED JURA PRM 1.2M IRISH COFFEE AD 1S,916071770,2025-10-28,1,1,,0,0,0,0,1,,,,,TCFGVHBJ,RDFGHVBN,Sukanya Manna,N,,,,, 
FANS,MOUNTAIRNEW6WOOD,"MOUNTAIR NEW 6"" WOODEN EX.FAN",916071770,2025-10-28,2,2,,0,0,0,0,2,,,,,TCFGVHBJ,RDFGHVBN,Sukanya Manna,N,,,,, 
FANS,S-90004429,S-FRONT FALSE COVER TORPEDO - KDWT,916071891,2025-10-31,5,5,,0,0,0,0,5,,,,,TCFGVHBJ,RDFGHVBN,Sukanya Manna,N,,,,, 
FANS,S-90006917,"S- SB STAR DRIFT 48"" PKD BLADE BRN 1S",916071891,2025-10-31,4,4,,0,0,0,0,4,,,,,TCFGVHBJ,RDFGHVBN,Sukanya Manna,N,,,,, 
FANS,S-90005879,"S-SB SUPERBRIZ DECO 48"" PKD BLD BRIKEN I",916071891,2025-10-31,2,2,,0,0,0,0,2,,,,,TCFGVHBJ,RDFGHVBN,Sukanya Manna,N,,,,, 
FANS,S-VWENGRBL-AAL,S-WOUND STATOR BL-AAL VA BLDC EN GR1.2M,916071891,2025-10-31,2,2,,0,0,0,0,2,,,,,TCFGVHBJ,RDFGHVBN,Sukanya Manna,N,,,,, 
FANS,S-101001652,S-CONDENSOR 1.7 MFD 440V AC 50 HZ,916071891,2025-10-31,2,2,,0,0,0,0,2,,,,,TCFGVHBJ,RDFGHVBN,Sukanya Manna,N,,,,, 
FANS,S-EPCOS1M7TBA,S-ASSY EPCOS 1.7MFD CAP DURATECK&TERM BL,916071891,2025-10-31,5,5,,0,0,0,0,5,,,,,TCFGVHBJ,RDFGHVBN,Sukanya Manna,N,,,,, 
FANS,S-90005475,"S-STATORASSY SB SEA WND/SEA BLS 48"" BEE",916071891,2025-10-31,2,2,,0,0,0,0,2,,,,,TCFGVHBJ,RDFGHVBN,Sukanya Manna,N,,,,, 
FANS,AXIALAIR8WHT,"AXIAL AIR 200 MM (8"") FAN WHITE",916071901,2025-10-31,2,2,,0,0,0,0,2,,,,,TCFGVHBJ,RDFGHVBN,Sukanya Manna,N,,,,, 
FANS,WMHIFLONEO16KDWT,"WM HIGH FLO NEO 16""-KD WHITE",916071902,2025-10-31,3,2,,0,0,0,0,2,,,,,TCFGVHBJ,RDFGHVBN,Sukanya Manna,N,,,,, 
FANS,S-KBPRAUR48LGB3B,S-PKD BLD PR AUR 1.2M LAGOON BLUE 3B-BEE,916071917,2025-10-31,2,2,,0,0,0,0,2,,,,,TCFGVHBJ,RDFGHVBN,Sukanya Manna,N,,,,, 
FANS,S-KBPRAUR48LGB3B,S-PKD BLD PR AUR 1.2M LAGOON BLUE 3B-BEE,916071960,2025-11-01,2,2,,0,0,0,0,2,,,,,TCFGVHBJ,RDFGHVBN,Sukanya Manna,N,,,,, 
FANS,S-101011597,S-PCB CONTR KIT EN RIV 1.2M REG-SC,916071960,2025-11-01,4,4,,0,0,0,0,4,,,,,TCFGVHBJ,RDFGHVBN,Sukanya Manna,N,,,,, 
FANS,S-90005879,"S-SB SUPERBRIZ DECO 48"" PKD BLD BRIKEN I",916071960,2025-11-01,2,2,,0,0,0,0,2,,,,,TCFGVHBJ,RDFGHVBN,Sukanya Manna,N,,,,, 
FANS,S-VWENRIVRBL-C,S-WOUND STATOR BL-C VARNISH EN RIVIERA,916071960,2025-11-01,4,4,,0,0,0,0,4,,,,,TCFGVHBJ,RDFGHVBN,Sukanya Manna,N,,,,, 
FANS,CFENRIV48BRN5SRGSC,1200BM32 EN RIVIERA 48 BRN RG 5S-SC,916072004,2025-11-03,4,1,,0,0,0,0,1,,,,,TCFGVHBJ,RDFGHVBN,Sukanya Manna,N,,,,, 
FANS,CFSBSBL48OPW1S,1200IM52 SB SEA BLISS 48 OPL WHT 1S,916072005,2025-11-03,2,2,,0,0,0,0,2,,,,,TCFGVHBJ,RDFGHVBN,Sukanya Manna,N,,,,, 
FANS,CFSBSDT48BRN1S,1200IM52 SB STARDRIFT 48 BRN 1S,916072005,2025-11-03,2,1,,0,0,0,0,1,,,,,TCFGVHBJ,RDFGHVBN,Sukanya Manna,N,,,,, 
FANS,CFSBMON48OPW1S,1200IM52 SB MONTANIA 48 OPL WHT 1S,916072005,2025-11-03,2,2,,0,0,0,0,2,,,,,TCFGVHBJ,RDFGHVBN,Sukanya Manna,N,,,,, 
FANS,S-90005577,"S-HS HS TORO 48"" PKD BLADE MAGIC BR 1S",916072079,2025-11-03,2,2,,0,0,0,0,2,,,,,TCFGVHBJ,RDFGHVBN,Sukanya Manna,N,,,,, 
FANS,S-MOT-HS-TF-PF,"S-MOTOR ASSY PF-TF, HIGH SPEED",916072079,2025-11-03,10,10,,0,0,0,0,10,,,,,TCFGVHBJ,RDFGHVBN,Sukanya Manna,N,,,,, 
FANS,WMHSGALCL16KDW,WM HISPEED GALE CLASSIC 400 MM KD WHT,916072193,2025-11-05,3,1,,0,0,0,0,1,,,,,TCFGVHBJ,RDFGHVBN,Sukanya Manna,N,,,,, 
FANS,PFHSTOR16BLK,"PF HISPEED TORPEDO 16"" BLACK",916072194,2025-11-05,2,1,,0,0,0,0,1,,,,,TCFGVHBJ,RDFGHVBN,Sukanya Manna,N,,,,, 
FANS,S-101008463,S-SWITCH PIANO RED-GREY - HS GALE +,916072221,2025-11-06,3,3,,0,0,0,0,3,,,,,TCFGVHBJ,RDFGHVBN,Sukanya Manna,N,,,,, 
FANS,S-MOT-HS-WM-02,"S-MOTOR ASSY WM, HIGH SPEED",916072221,2025-11-06,1,1,,0,0,0,0,1,,,,,TCFGVHBJ,RDFGHVBN,Sukanya Manna,N,,,,, 
FANS,S-101008463,S-SWITCH PIANO RED-GREY - HS GALE +,916072222,2025-11-06,1,1,,0,0,0,0,1,,,,,TCFGVHBJ,RDFGHVBN,Sukanya Manna,N,,,,, 
FANS,HSTP24OPW,HIGH SPEED 0.6M TP OPAL WHITE W/O REG,916072258,2025-11-07,2,1,,0,0,0,0,1,,,,,TCFGVHBJ,RDFGHVBN,Sukanya Manna,N,,,,, 
FANS,S-101006063,S-SWITCH PIANO - WAVE TF/PF 1,916072302,2025-11-08,2,2,,0,0,0,0,2,,,,,TCFGVHBJ,RDFGHVBN,Sukanya Manna,N,,,,, 
FANS,S-90002850,S-BRIZSTAR FARRATA PF BASE PIPE ASSLY,916072304,2025-11-08,1,1,,0,0,0,0,1,,,,,TCFGVHBJ,RDFGHVBN,Sukanya Manna,N,,,,, 
FANS,S-90005334,S-HS TORO MOTOR RING BRONZE,916072313,2025-11-08,1,1,,0,0,0,0,1,,,,,TCFGVHBJ,RDFGHVBN,Sukanya Manna,N,,,,, 
FANS,S-VW14PL5CZ,"S-WOUND STATOR 5CZ VAR.14PBEE,CRCA-HSPL5",916072437,2025-11-12,2,2,,0,0,0,0,2,,,,,TCFGVHBJ,RDFGHVBN,Sukanya Manna,N,,,,, 
FANS,S-VW14PL5CZ,"S-WOUND STATOR 5CZ VAR.14PBEE,CRCA-HSPL5",916072438,2025-11-12,1,1,,0,0,0,0,1,,,,,TCFGVHBJ,RDFGHVBN,Sukanya Manna,N,,,,, 
FANS,S-101008750,"S-BLADE 16"" HIGHSPEED KDWT - GALE PLUS",916072447,2025-11-12,2,2,,0,0,0,0,2,,,,,TCFGVHBJ,RDFGHVBN,Sukanya Manna,N,,,,, 
FANS,S-101008750,"S-BLADE 16"" HIGHSPEED KDWT - GALE PLUS",916072457,2025-11-12,4,4,,0,0,0,0,4,,,,,TCFGVHBJ,RDFGHVBN,Sukanya Manna,N,,,,, 
FANS,S-90005475,"S-STATORASSY SB SEA WND/SEA BLS 48"" BEE",916072558,2025-11-14,2,2,,0,0,0,0,2,,,,,TCFGVHBJ,RDFGHVBN,Sukanya Manna,N,,,,, 
FANS,S-101011557,S-PCB CONTROLLER - EN GROOVE 28W RGMOTE,916072579,2025-11-14,1,1,,0,0,0,0,1,,,,,TCFGVHBJ,RDFGHVBN,Sukanya Manna,N,,,,, 
FANS,S-101008772,S-PCB CONTR EN ROVERR,916072814,2025-11-19,2,2,,0,0,0,0,2,,,,,TCFGVHBJ,RDFGHVBN,Sukanya Manna,N,,,,, 
FANS,S-101010845,S-PCB CONTR KIT EN COK/HYPRJT 35W REM,916072841,2025-11-19,2,2,,0,0,0,0,2,,,,,TCFGVHBJ,RDFGHVBN,Sukanya Manna,N,,,,, 
FANS,S-90006925,"S-STATOR ASSEMBLY STAR DRIFT 48"" 1S",916072860,2025-11-19,5,5,,0,0,0,0,5,,,,,TCFGVHBJ,RDFGHVBN,Sukanya Manna,N,,,,, 
FANS,S-90006925,"S-STATOR ASSEMBLY STAR DRIFT 48"" 1S",916072863,2025-11-19,2,2,,0,0,0,0,2,,,,,TCFGVHBJ,RDFGHVBN,Sukanya Manna,N,,,,, 
FANS,S-90006925,"S-STATOR ASSEMBLY STAR DRIFT 48"" 1S",916072864,2025-11-19,2,2,,0,0,0,0,2,,,,,TCFGVHBJ,RDFGHVBN,Sukanya Manna,N,,,,, 
FANS,S-101008750,"S-BLADE 16"" HIGHSPEED KDWT - GALE PLUS",916072903,2025-11-20,2,2,,0,0,0,0,2,,,,,TCFGVHBJ,RDFGHVBN,Sukanya Manna,N,,,,, 
FANS,S-101010123,S-FRONT FALSE COVER - GALE PLUS KD WHT,916072903,2025-11-20,2,2,,0,0,0,0,2,,,,,TCFGVHBJ,RDFGHVBN,Sukanya Manna,N,,,,, 
FANS,S-MOT-HS-WM-02,"S-MOTOR ASSY WM, HIGH SPEED",916072903,2025-11-20,2,2,,0,0,0,0,2,,,,,TCFGVHBJ,RDFGHVBN,Sukanya Manna,N,,,,, 
FANS,S-90005334,S-HS TORO MOTOR RING BRONZE,916072903,2025-11-20,2,2,,0,0,0,0,2,,,,,TCFGVHBJ,RDFGHVBN,Sukanya Manna,N,,,,, 
FANS,S-101006202,S-STATOR SHAFT ASY SILENT PRO ENSO 1.2M,916072970,2025-11-21,1,1,,0,0,0,0,1,,,,,TCFGVHBJ,RDFGHVBN,Sukanya Manna,N,,,,, 
FANS,S-101007841,S-STATOR SHAFT ASSY SP ENSO 1.2M ETA2.1,916072970,2025-11-21,1,1,,0,0,0,0,1,,,,,TCFGVHBJ,RDFGHVBN,Sukanya Manna,N,,,,, 
FANS,HSTP24BRN,HIGH SPEED 0.6M TP BROWN W/O REG,916072983,2025-11-21,2,2,,0,0,0,0,2,,,,,TCFGVHBJ,RDFGHVBN,Sukanya Manna,N,,,,, 
FANS,WMHSTOR16KDW,"WM HISPEED TORPEDO 16"" KD WHITE",916072983,2025-11-21,3,3,,0,0,0,0,3,,,,,TCFGVHBJ,RDFGHVBN,Sukanya Manna,N,,,,, 
FANS,CFSBSDT48BRN1S,1200IM52 SB STARDRIFT 48 BRN 1S,916072983,2025-11-21,4,4,,0,0,0,0,4,,,,,TCFGVHBJ,RDFGHVBN,Sukanya Manna,N,,,,, 
FANS,S-90000254,S-ALPHABRIZ CANOPY OPW,916073003,2025-11-21,20,20,,0,0,0,0,20,,,,,TCFGVHBJ,RDFGHVBN,Sukanya Manna,N,,,,, 
FANS,S-90001874,S-WINZER CANOPY OPW,916073003,2025-11-21,18,18,,0,0,0,0,18,,,,,TCFGVHBJ,RDFGHVBN,Sukanya Manna,N,,,,, 
FANS,S-101001388,S-BALL BEARING 6202ZZ,916073003,2025-11-21,10,10,,0,0,0,0,10,,,,,TCFGVHBJ,RDFGHVBN,Sukanya Manna,N,,,,, 
FANS,S-90000512,S-CB CANOPY OPW,916073003,2025-11-21,7,7,,0,0,0,0,7,,,,,TCFGVHBJ,RDFGHVBN,Sukanya Manna,N,,,,, 
FANS,S-101006202,S-STATOR SHAFT ASY SILENT PRO ENSO 1.2M,916073003,2025-11-21,2,2,,0,0,0,0,2,,,,,TCFGVHBJ,RDFGHVBN,Sukanya Manna,N,,,,, 
LIGHT,S0RI233-080-PA_144,DRIVER OF CLI301724-E5 SET @700MA,916073767,2025-12-09,3,3,,0,0,,,3,,,,,,,,N,,,,,N
LIGHT,SRPSN-5K-440,SURGE PROTECTOR-5 KV- SERIES,916074271,2025-12-21,50,50,,0,0,,,50,,,,,,,,N,,,,,N
FANS,S-90000288,S-MOUNT AIR MOTOR 150MM,916069915,2025-09-20,4,4,,0,0,0,0,4,,,,,TCFGVHBJ,RDFGHVBN,Sukanya Manna,N,,,,, 
FANS,S-90005579,"S-HS HS TORO 48"" PKD BLADE WARM GREY 1S",916069952,2025-09-22,2,2,,0,0,0,0,2,,,,,TCFGVHBJ,RDFGHVBN,Sukanya Manna,N,,,,, 
FANS,S-90002831,S-BRIZSTAR FARRATA PF MOTOR,916069952,2025-09-22,12,8,,0,0,0,0,8,,,,,TCFGVHBJ,RDFGHVBN,Sukanya Manna,N,,,,, 
FANS,S-101009140,S-PCB CONTR ENERGION GR 28W REG,916069952,2025-09-22,10,10,,0,0,0,0,10,,,,,TCFGVHBJ,RDFGHVBN,Sukanya Manna,N,,,,, 
FANS,S-VW12PL3E2PB,S-WOUND STATOR 3E2PB VA12P BEECRCA-DSR1S,916069954,2025-09-22,5,5,,0,0,0,0,5,,,,,TCFGVHBJ,RDFGHVBN,Sukanya Manna,N,,,,, 
FANS,S-90005688,S-MOTOR ASSLY TORPEDO NEW WM GEAR BOX,916069954,2025-09-22,10,10,,0,0,0,0,10,,,,,TCFGVHBJ,RDFGHVBN,Sukanya Manna,N,,,,, 
FANS,S-90005580,"S-HS HS TORO 48"" PKD BLADE BIRKEN EFF 1S",916069981,2025-09-22,4,4,,0,0,0,0,4,,,,,TCFGVHBJ,RDFGHVBN,Sukanya Manna,N,,,,, 
FANS,S-90005577,"S-HS HS TORO 48"" PKD BLADE MAGIC BR 1S",916069981,2025-09-22,2,2,,0,0,0,0,2,,,,,TCFGVHBJ,RDFGHVBN,Sukanya Manna,N,,,,, 
FANS,S-90005882,"S-SB SUPERBRIZ DECO 48"" PKD BLD SMKD BRN",916073343,2025-11-29,1,1,,0,0,0,0,1,,,,,TCFGVHBJ,RDFGHVBN,Sukanya Manna,N,,,,, 
FANS,S-KBSBARYPM48CGD3B,"S-PKDBLD SB ARYBRZPM1.2MCORALGOLD,3B-BEE",916073345,2025-11-29,5,5,,0,0,0,0,5,,,,,TCFGVHBJ,RDFGHVBN,Sukanya Manna,N,,,,, 
FANS,S-90007165,"S-STATOR ASSEMBLY SB LERONE 48"" 1S",916073379,2025-11-29,2,2,,0,0,0,0,2,,,,,TCFGVHBJ,RDFGHVBN,Sukanya Manna,N,,,,, 
FANS,S-101001386,S-BALL BEARING 6201ZZ,916073380,2025-11-29,30,30,,0,0,0,0,30,,,,,TCFGVHBJ,RDFGHVBN,Sukanya Manna,N,,,,, 
FANS,S-101001388,S-BALL BEARING 6202ZZ,916073380,2025-11-29,50,50,,0,0,0,0,50,,,,,TCFGVHBJ,RDFGHVBN,Sukanya Manna,N,,,,, 
FANS,S-101011735,S-CANOPY TOP AVR2 CONCH CREAM,916073406,2025-11-30,2,2,,0,0,0,0,2,,,,,TCFGVHBJ,RDFGHVBN,Sukanya Manna,N,,,,, 
FANS,S-KBENGR28W36SSD3B,S-PKD BLD ENGR 28W 0.9M SSD - FAN PARTS,916073406,2025-11-30,1,1,,0,0,0,0,1,,,,,TCFGVHBJ,RDFGHVBN,Sukanya Manna,N,,,,, 
FANS,S-90000781,S-HDEF300 1PH4PL MOTOR,916073406,2025-11-30,1,1,,0,0,0,0,1,,,,,TCFGVHBJ,RDFGHVBN,Sukanya Manna,N,,,,, 
FANS,S-101011742,S-CANOPY SHACKLE AVR2 CONCH CREAM,916073406,2025-11-30,2,2,,0,0,0,0,2,,,,,TCFGVHBJ,RDFGHVBN,Sukanya Manna,N,,,,, 
FANS,S-90002065,S-VENTILUS/BRISKAIR+200MM MOTOR,916073406,2025-11-30,2,2,,0,0,0,0,2,,,,,TCFGVHBJ,RDFGHVBN,Sukanya Manna,N,,,,, 
FANS,S-90002046,S-VENTILUS/BRISKAIR+200MM WHT BLADE,916073406,2025-11-30,2,2,,0,0,0,0,2,,,,,TCFGVHBJ,RDFGHVBN,Sukanya Manna,N,,,,, 
FANS,S-VW14PL5CRA-2,S-WOUNDSTATOR 5CRA2 VA14P BEECRCA AU2 1S,916073421,2025-12-02,1,1,,0,0,0,0,1,,,,,TCFGVHBJ,RDFGHVBN,Sukanya Manna,N,,,,, 
FANS,S-KBPRAV248CCR3S3B,S-PKD BLD PR AVR2 1.2M CONCH CREAM 3B 3S,916073631,2025-12-05,1,1,,0,0,0,0,1,,,,,TCFGVHBJ,RDFGHVBN,Sukanya Manna,N,,,,, 
FANS,S-101011817,S-RING DECO MOT AVR2 AMERICN BRN/BRONZE,916073631,2025-12-05,2,2,,0,0,0,0,2,,,,,TCFGVHBJ,RDFGHVBN,Sukanya Manna,N,,,,, 
FANS,S-90000610,S-DRIFTAIR 6 MOTOR,916073631,2025-12-05,2,2,,0,0,0,0,2,,,,,TCFGVHBJ,RDFGHVBN,Sukanya Manna,N,,,,, 
FANS,S-KBPRAV248IEC3S3B,S-PKD BLD PR AVR2 1.2M ICE COFFEE 3B 3S,916073631,2025-12-05,1,1,,0,0,0,0,1,,,,,TCFGVHBJ,RDFGHVBN,Sukanya Manna,N,,,,, 
FANS,S-ST265M8PSWT,S-SUSP TUBE 265MM (M8)- PEARL SLV WHT,916073719,2025-12-07,2,2,,0,0,0,0,2,,,,,TCFGVHBJ,RDFGHVBN,Sukanya Manna,N,,,,, 
FANS,S-101006164,S-BEZEL SET ROSE GOLD PAINTED WITH SCREW,916073837,2025-12-10,1,1,,0,0,0,0,1,,,,,TCFGVHBJ,RDFGHVBN,Sukanya Manna,N,,,,, 
FANS,S-BLDC-PS-NUCLEUS,S-PCBA POWER SUPPLY - NUCLEOID PACK,916073838,2025-12-10,2,2,,0,0,0,0,2,,,,,TCFGVHBJ,RDFGHVBN,Sukanya Manna,N,,,,, 
FANS,S-LED-DIFFU-ASSY.,S-LED DIFFUSER ASSEMBLY - EN NITEO PACK,916073838,2025-12-10,2,2,,0,0,0,0,2,,,,,TCFGVHBJ,RDFGHVBN,Sukanya Manna,N,,,,, 
FANS,S-90005570,S-CARTON MOTOR S/U HISPEED HS TORO CF 1S,916073853,2025-12-10,2,2,,0,0,0,0,2,,,,,TCFGVHBJ,RDFGHVBN,Sukanya Manna,N,,,,, 
FANS,S-90005659,S-CARTON MOTOR S/U HSHS DIEGO CF 1S,916073854,2025-12-10,1,1,,0,0,0,0,1,,,,,TCFGVHBJ,RDFGHVBN,Sukanya Manna,N,,,,, 
FANS,S-90005570,S-CARTON MOTOR S/U HISPEED HS TORO CF 1S,916073860,2025-12-10,15,15,,0,0,0,0,15,,,,,TCFGVHBJ,RDFGHVBN,Sukanya Manna,N,,,,, 
FANS,S-VW12PL3E2P,S-WOUND STATOR 3E2P VARNISHED-12P,916074164,2025-12-18,2,2,,0,0,0,0,2,,,,,TCFGVHBJ,RDFGHVBN,Sukanya Manna,N,,,,, 
FANS,WMHFWAVPL16KDW,WM HIFLO WAVE PLUS 400 MM KD WHITE,916074283,2025-12-22,2,2,,0,0,0,0,2,,,,,TCFGVHBJ,RDFGHVBN,Sukanya Manna,N,,,,, 
FANS,CFSBSSP48IVY1S,1200IM51 SB SEA SPHIRA 48 IVY 1S,916074283,2025-12-22,2,2,,0,0,0,0,2,,,,,TCFGVHBJ,RDFGHVBN,Sukanya Manna,N,,,,, 
FANS,CFSBSDT36BRN1S,900IM42 SB STARDRIFT 36 BRN 1S,916074283,2025-12-22,2,2,,0,0,0,0,2,,,,,TCFGVHBJ,RDFGHVBN,Sukanya Manna,N,,,,, 
FANS,TFHIFLONEO16KDWT,"TF HIGH FLO NEO 16""-KD WHITE",916074284,2025-12-22,2,2,,0,0,0,0,2,,,,,TCFGVHBJ,RDFGHVBN,Sukanya Manna,N,,,,, 
FANS,CFPRAURPM48DBNAD1S,1200IM55 PR AURA PM 48 DKY BRN AD1S,916074284,2025-12-22,2,2,,0,0,0,0,2,,,,,TCFGVHBJ,RDFGHVBN,Sukanya Manna,N,,,,, 
FANS,CFHSRIV48OPW1S,1200IM54 HS RIVIERA 48 OPL WHT 1S,916074284,2025-12-22,1,1,,0,0,0,0,1,,,,,TCFGVHBJ,RDFGHVBN,Sukanya Manna,N,,,,, 
FANS,CFHSHS48BRN1S,1200IM55 HS HI SPEED 48 BRN 1S,916074284,2025-12-22,3,3,,0,0,0,0,3,,,,,TCFGVHBJ,RDFGHVBN,Sukanya Manna,N,,,,, 
FANS,CFENNT30W48MGR5SRM,1200BM30 EN NITEO 48 MET GRY RM,916074284,2025-12-22,2,2,,0,0,0,0,2,,,,,TCFGVHBJ,RDFGHVBN,Sukanya Manna,N,,,,, 
FANS,CFSBSBL48OPW1S,1200IM52 SB SEA BLISS 48 OPL WHT 1S,916074284,2025-12-22,2,2,,0,0,0,0,2,,,,,TCFGVHBJ,RDFGHVBN,Sukanya Manna,N,,,,, 
LIGHT,SRPSQ-10KV-440V-IP,10KV SURGE PROTECTIVE DEVICE IP,916073914,2025-12-12,5,5,,0,0,,,5,,,,,,,,N,,,,,N
FANS,S-90000240,S-AC GEAR BOX ASSLY,916069986,2025-09-22,2,1,,0,0,0,0,1,,,,,TCFGVHBJ,RDFGHVBN,Sukanya Manna,N,,,,, 
FANS,S-90002901,S-ACVORTEX 600 BLADE PWDR CTD (PED/WM),916066883,2025-07-22,4,4,,0,0,1,1,3,,,,,TCFGVHBJ,RDFGHVBN,Sukanya Manna,N,,,,, 
FANS,S-LED-KIT-BSM,S-LED KIT SP BLOSSOM,916068305,2025-08-18,2,1,,0,0,1,0,0,,,,,TCFGVHBJ,RDFGHVBN,Sukanya Manna,N,,,,,Y
FANS,S-BLDC-DRV-NUCLEUS,S-PCBA DRIVER - NUCLEOID-PACK,916068362,2025-08-19,2,1,,0,0,1,0,0,,,,,TCFGVHBJ,RDFGHVBN,Sukanya Manna,N,,,,,Y
FANS,S-BLDC-DRV-NITEO,S-PCBA DRIVER - NITEO-PACK,916068362,2025-08-19,2,2,,0,0,2,0,0,,,,,TCFGVHBJ,RDFGHVBN,Sukanya Manna,N,,,,, 
FANS,S-BLDC-PS-NUCLEUS,S-PCBA POWER SUPPLY - NUCLEOID PACK,916068362,2025-08-19,2,2,,0,0,0,0,2,,,,,TCFGVHBJ,RDFGHVBN,Sukanya Manna,N,,,,, 
FANS,S-90003451,S-HDEX 450-4-1 NEO MOTOR,916068365,2025-08-19,2,2,,0,0,0,0,2,,,,,TCFGVHBJ,RDFGHVBN,Sukanya Manna,N,,,,, 
FANS,S-90002903,S-ACVORTEX MOTOR 450 (PED/WM),916068366,2025-08-19,2,1,,0,0,0,0,1,,,,,TCFGVHBJ,RDFGHVBN,Sukanya Manna,N,,,,, 
FANS,S-90002904,S-ACVORTEX MOTOR 600 (PED/WM),916068366,2025-08-19,2,2,,0,0,0,0,2,,,,,TCFGVHBJ,RDFGHVBN,Sukanya Manna,N,,,,, 
FANS,S-101009945,S-PCB CONTROLLER SP ENSO 0.9M WITH COVER,916068367,2025-08-19,2,2,,0,0,0,0,2,,,,,TCFGVHBJ,RDFGHVBN,Sukanya Manna,N,,,,, 
FANS,S-90000604,S-DRIFTAIR 12 MOTOR,916068367,2025-08-19,2,2,,0,0,0,0,2,,,,,TCFGVHBJ,RDFGHVBN,Sukanya Manna,N,,,,, 
FANS,PFHSGALCL16KDW,PF HISPEED GALE CLASSIC 400 MM KD WHT,916074284,2025-12-22,2,2,,0,0,0,0,2,,,,,TCFGVHBJ,RDFGHVBN,Sukanya Manna,N,,,,, 
WHC,AIWH-3LRPIDJT3KW5Y,"IWH RAPID JET (3KW),3 LTR,5Y WARANT",916067155,2025-07-25,1,1,,0,0,0,0,1,,,G00002,2026-01-04,23156,NAT AIRWAYS,D Manna,N,,,,,
WHC,S-38XXGSKETTANKCOM,SWH 38XX GASKET TANK,916066080,2025-07-07,10,10,,0,0,8,8,2,,,G00002,2026-01-04,23156,NAT AIRWAYS,D Manna,N,,,,,
WHC,S-43XX11INSTEMTC,43XXSERIES 11 INCH THERMAL CUTOUT,916067042,2025-07-23,10,10,10,0,0,0,0,10,2026-01-01,,G00002,2026-01-04,23156,NAT AIRWAYS,D Manna,N,,0,0,,
WHC,S-AGCOMSTD23,"S- THERMOSTAT 7"" GEYSER",916066888,2025-07-22,10,8,,0,0,0,0,8,,,G00002,2026-01-04,23156,NAT AIRWAYS,D Manna,N,,,,,
WHC,S-AGCOMSTD23,"S- THERMOSTAT 7"" GEYSER",916067043,2025-07-23,10,10,,0,0,0,0,10,,,G00002,2026-01-04,23156,NAT AIRWAYS,D Manna,N,,,,,
SDA,S-ADS51DJRL01,S- DS51-SS DRY JAR,916068304,2025-08-18,2,1,,0,0,1,1,0,,,G00001,2026-01-02,251362,NAT AIRWAYS,D Manna,N,,,,,N
FANS,S-REMOTE-PRG-IG,S-PROGRAME CONTROLLAR FOR IG,916067197,2025-07-25,5,5,,0,0,5,0,0,,,,,TCFGVHBJ,RDFGHVBN,Sukanya Manna,N,,,,,Y
SDA,S-ADS51LJRL01,S- DS51-SS LIQUID JAR,916068304,2025-08-18,2,2,,0,0,1,1,1,,,G00001,2026-01-02,251362,NAT AIRWAYS,D Manna,N,,,,,N
PUMP,MB111P164AAE001,"IMPELLER FOR MBN7.52,MIN7.52B",916066663,2025-07-18,2,2,,0,0,2,2,0,,,,,22653,NAT AIRWAYS,D Manna,N,,,,, 
PUMP,MINI1MU02ACR018,END COVER MM-MP-MM+ II & MR-FMCI I,916066919,2025-07-22,2,2,,0,0,0,0,2,,,,,22653,NAT AIRWAYS,D Manna,N,,,,,Y
PUMP,MINI1MU01ACJ045,FAN FOR MINI SERIES 71F PERFECT OF ID-12,916066919,2025-07-22,4,4,,0,0,0,0,4,,,,,22653,NAT AIRWAYS,D Manna,N,,,,, 
PUMP,MINI1MU04ACG045,FAN COVER MINI FORCE II,916066919,2025-07-22,2,2,,0,0,0,0,2,,,,,22653,NAT AIRWAYS,D Manna,N,,,,, 
SDA,S-BOLTMXCHTNYJRASL,BOLTMIX MG CHUNTNY JAR ASSEMBLY,916068304,2025-08-18,2,2,,0,0,1,1,1,,,G00001,2026-01-02,251362,NAT AIRWAYS,D Manna,N,,,,,N
SDA,S-BOLTMXDRYJRASLY,BOLTMIX MG DRY JAR ASSEMBLY,916068304,2025-08-18,2,2,,0,0,2,2,0,,,G00001,2026-01-02,251362,NAT AIRWAYS,D Manna,N,,,,,N
SDA,S-BOLTMXLQUDJRASLY,BOLTMIX MG LIQUID JAR ASSEMBLY,916068304,2025-08-18,2,2,,0,0,2,2,0,,,G00001,2026-01-02,251362,NAT AIRWAYS,D Manna,N,,,,,N
WHC,S-AGCOMSTD26,"S- THERMAL CUTOUT 7"" GEYSER",916066888,2025-07-22,10,9,,0,0,2,2,7,,,G00002,2026-01-04,23156,NAT AIRWAYS,D Manna,N,,,,,
WHC,S-AGINSTLHPIPE1.5,S-INSTALLATION HOSE PIPE 1.5 FT (2NOS),916066888,2025-07-22,5,5,,0,0,3,3,2,,,G00002,2026-01-04,23156,NAT AIRWAYS,D Manna,N,,,,,
PUMP,MINI1M127AET017,TERMINAL COVER MINI SAPPHIRE I /AMBER I,916066919,2025-07-22,4,1,,0,0,0,0,1,,,,,22653,NAT AIRWAYS,D Manna,N,,,,, 
PUMP,SWJ11P104AAE001,IMPELLER FOR SWJ 05MINI/IPSSWJ052,916066921,2025-07-22,2,2,,0,0,1,1,1,,,,,22653,NAT AIRWAYS,D Manna,N,,,,, 
PUMP,MINI1MU01ACG045,FAN COVER FOR MINI SERIES 71F PERFECT,916066919,2025-07-22,4,2,,0,0,0,0,2,,,,,22653,NAT AIRWAYS,D Manna,N,,,,, 
PUMP,MINI1PU03ACL035,CAPACITOR 22.5 MFD LEAD WIRE TYPE (B),916066920,2025-07-22,2,1,,0,0,0,0,1,,,,,22653,NAT AIRWAYS,D Manna,N,,,,,Y
PUMP,SWJ11P113AAE001,IMPELLER FOR SWJ100A-36,916066921,2025-07-22,2,2,,0,0,0,0,2,,,,,22653,NAT AIRWAYS,D Manna,N,,,,, 
PUMP,MINI1PU09AAA001,VOLUTE FOR MINI MASTER I & MASTER I(3PH),916066920,2025-07-22,4,3,,0,0,0,0,3,,,,,22653,NAT AIRWAYS,D Manna,N,,,,, 
PUMP,MINI1MU01ADU017,TERMINAL BOX FOR MM-MM+- MM(3PH) II,916066919,2025-07-22,2,2,,0,0,0,0,2,,,,,22653,NAT AIRWAYS,D Manna,N,,,,, 
PUMP,MINI1PU10AAQ001,ADAPTOR MINI MASTER I & MASTER I(3PH),916066920,2025-07-22,4,4,,0,0,0,0,4,,,,,22653,NAT AIRWAYS,D Manna,N,,,,, 
PUMP,MINI1MU03ACJ045,COOLING FAN 03 MINI SERIES 80F,916066919,2025-07-22,2,1,,0,0,0,0,1,,,,,22653,NAT AIRWAYS,D Manna,N,,,,, 
PUMP,STPM1P151AAB001,IMPELLER FOR STPM12(1PH) & (3PH) (B),916066921,2025-07-22,2,2,,0,0,0,0,2,,,,,22653,NAT AIRWAYS,D Manna,N,,,,, 
SDA,S-ADS51CJRL01,S- DS51-SS CHUTNEY JAR,916068849,2025-08-28,2,2,,0,0,0,0,2,,,G00001,2026-01-02,251362,NAT AIRWAYS,D Manna,N,,,,,N
SDA,S-ADS51DJRL01,S- DS51-SS DRY JAR,916068849,2025-08-28,2,2,,0,0,0,0,2,,,G00001,2026-01-02,251362,NAT AIRWAYS,D Manna,N,,,,,N
SDA,S-AMEO4JRLIQUIDJAR,AMEO 4 JAR MIXER LIQUID JAR ASSEMBLY,916068661,2025-08-25,2,2,,0,0,0,0,2,,,G00001,2026-01-02,251362,NAT AIRWAYS,D Manna,N,,,,,N
SDA,S-AMEOMAINBODY,AMEO MG MAIN BODY,916069128,2025-09-04,2,2,,0,0,0,0,2,,,G00001,2026-01-02,251362,NAT AIRWAYS,D Manna,N,,,,,N
FANS,S-VW14PL5CRA3B,"S-WOUND STATOR 5CRA3B VAR14PBEE,CRCA-SNT",916068362,2025-08-19,4,4,,1,0,0,0,4,,,,,TCFGVHBJ,RDFGHVBN,Sukanya Manna,N,,,,, 
FANS,S-VW12PL3NBAL,S-WOUND STATOR 3NBAL VAR12PBEE CRCA-AL1S,916068363,2025-08-19,4,4,,0,0,0,0,4,,,,,TCFGVHBJ,RDFGHVBN,Sukanya Manna,N,,,,, 
FANS,S-90000821,S-HDEF600 BLADE ASSLY.,916068366,2025-08-19,6,6,,0,0,0,0,6,,,,,TCFGVHBJ,RDFGHVBN,Sukanya Manna,N,,,,, 
SDA,S-AMEONEOMAINBODY,AMEO NEO 750W MG MAIN BODY,916069128,2025-09-04,2,2,,0,0,0,0,2,,,G00001,2026-01-02,251362,NAT AIRWAYS,D Manna,N,,,,,N
SDA,S-ARDPWRCORD,S-RD-POWER CORD,916069283,2025-09-05,5,2,,0,0,0,0,2,,,G00001,2026-01-02,251362,NAT AIRWAYS,D Manna,N,,,,,N
SDA,S-ARDSPHELEM,S-RD-SOLE PLATE (+ HEATING ELEMENT),916069188,2025-09-04,2,2,,0,0,0,0,2,,,G00001,2026-01-02,251362,NAT AIRWAYS,D Manna,N,,,,,N
SDA,S-BOLTMXDRYJRASLY,BOLTMIX MG DRY JAR ASSEMBLY,916068849,2025-08-28,1,1,,0,0,0,0,1,,,G00001,2026-01-02,251362,NAT AIRWAYS,D Manna,N,,,,,N
SDA,S-BOLTMXDRYJRASLY,BOLTMIX MG DRY JAR ASSEMBLY,916068891,2025-08-28,2,2,,0,0,0,0,2,,,G00001,2026-01-02,251362,NAT AIRWAYS,D Manna,N,,,,,N
SDA,S-BRIOSOLPLTWHE,BRIO SOLE PLATE WITH H.E.,916069424,2025-09-08,1,1,,0,0,0,0,1,,,G00001,2026-01-02,251362,NAT AIRWAYS,D Manna,N,,,,,N
SDA,S-CHOPMAXCHOPBLD,CHOPMAX CHOP BLADE,916068512,2025-08-21,2,2,,0,0,0,0,2,,,G00001,2026-01-02,251362,NAT AIRWAYS,D Manna,N,,,,,N
SDA,S-CHOPMAXMOTOR,CHOPMAX MOTOR,916068512,2025-08-21,2,2,,0,0,0,0,2,,,G00001,2026-01-02,251362,NAT AIRWAYS,D Manna,N,,,,,N
SDA,S-CHOPMAXWHPBLD,CHOPMAX WHIPPING BLADE,916068512,2025-08-21,2,2,,0,0,0,0,2,,,G00001,2026-01-02,251362,NAT AIRWAYS,D Manna,N,,,,,N
SDA,S-CLBR750WHYBMTR,CALIBER 750W MG HYBRID MOTOR,916068980,2025-08-31,2,2,,0,0,0,0,2,,,G00001,2026-01-02,251362,NAT AIRWAYS,D Manna,N,,,,,N
SDA,S-DROELT1KCHTJASLY,DURO ELITE 1000W CHT JAR ASLY WITH LID,916069188,2025-09-04,2,1,,0,0,0,0,1,,,G00001,2026-01-02,251362,NAT AIRWAYS,D Manna,N,,,,,N
SDA,S-DROELT1KDRYJASLY,DURO ELITE 1000W DRY JAR ASLY WITH LID,916069188,2025-09-04,2,2,,0,0,0,0,2,,,G00001,2026-01-02,251362,NAT AIRWAYS,D Manna,N,,,,,N
SDA,S-DROELT1KWTJASLY,DURO ELITE 1000W WET JAR ASLY WITH LID,916069188,2025-09-04,2,1,,0,0,0,0,1,,,G00001,2026-01-02,251362,NAT AIRWAYS,D Manna,N,,,,,N
SDA,S-FM5002JSSMESH,SS MESH FRESH MIX5002J,916068776,2025-08-26,2,1,,0,0,0,0,1,,,G00001,2026-01-02,251362,NAT AIRWAYS,D Manna,N,,,,,N
SDA,S-INSTSERV15KDSPCB,NEW INSTASERV 1500 W DISPLAY PCB,916069067,2025-09-02,5,5,,0,0,0,0,5,,,G00001,2026-01-02,251362,NAT AIRWAYS,D Manna,N,,,,,N
SDA,S-INSTSERV20KDSPCB,NEW INSTASERV 2000 W DISPLAY PCB,916069067,2025-09-02,5,5,,0,0,0,0,5,,,G00001,2026-01-02,251362,NAT AIRWAYS,D Manna,N,,,,,N
SDA,S-INSTSERV20KDSPCB,NEW INSTASERV 2000 W DISPLAY PCB,916069128,2025-09-04,2,2,,0,0,0,0,2,,,G00001,2026-01-02,251362,NAT AIRWAYS,D Manna,N,,,,,N
SDA,S-INSTSRV2000DSPCB,NEW 2000W INSTASERV DISPLAY PCB,916068891,2025-08-28,4,2,,0,0,0,0,2,,,G00001,2026-01-02,251362,NAT AIRWAYS,D Manna,N,,,,,N
SDA,S-NIGELA3JDRYJASLY,NIGELA 500W 3 JAR DRY JAR ASLY WITH LID,916068776,2025-08-26,2,2,,0,0,0,0,2,,,G00001,2026-01-02,251362,NAT AIRWAYS,D Manna,N,,,,,N
SDA,S-NIGELA3JMOTOR,NIGELA 500W 3 JAR MAIN MOTOR,916069283,2025-09-05,5,1,,0,0,0,0,1,,,G00001,2026-01-02,251362,NAT AIRWAYS,D Manna,N,,,,,N
SDA,S-QSTADLX3JCHTJASY,QUESTADLX 500W 3 JAR CHT JARASLYWITH LID,916069424,2025-09-08,2,2,,0,0,0,0,2,,,G00001,2026-01-02,251362,NAT AIRWAYS,D Manna,N,,,,,N
WHC,S-AGCOMSTD26,"S- THERMAL CUTOUT 7"" GEYSER",916069989,2025-09-22,5,4,,0,0,0,0,4,,,G00002,2026-01-04,23156,NAT AIRWAYS,D Manna,N,,,,,
WHC,S-AMICAHEATINGELE,AMICA HEATING ELELMENT 2KW,916069989,2025-09-22,2,2,,0,0,0,0,2,,,G00002,2026-01-04,23156,NAT AIRWAYS,D Manna,N,,,,,
WHC,S-AURACLAPMP16W,ACO AURACLASSIC 16 WATT SEALED PUMP,916069989,2025-09-22,2,2,,0,0,0,0,2,,,G00002,2026-01-04,23156,NAT AIRWAYS,D Manna,N,,,,,
WHC,S-AURADC70PUMP,PUMP SUBMERSIBLE 20W BIG - 100L,916069950,2025-09-22,2,2,,0,0,0,0,2,,,G00002,2026-01-04,23156,NAT AIRWAYS,D Manna,N,,,,,
WHC,S-GRACE5LASMBLYPLT,GRACE 5L ASSEMBLY PLATE,916069989,2025-09-22,2,2,,0,0,0,0,2,,,G00002,2026-01-04,23156,NAT AIRWAYS,D Manna,N,,,,,
WHC,S-OPTIMSMOTOR,OPTIMUS COMMON MAIN MOTOR,916069989,2025-09-22,2,2,,0,0,0,0,2,,,G00002,2026-01-04,23156,NAT AIRWAYS,D Manna,N,,,,,
WHC,S-PAIDJET3LASLYPLT,IWH RAPID JET 3L ASSEMBLY PLATE,916069989,2025-09-22,2,2,,0,0,0,0,2,,,G00002,2026-01-04,23156,NAT AIRWAYS,D Manna,N,,,,,
WHC,S-RPIDJET3KWTHRM,IWH RAPID JET 3KW THERMOSTATE 7INCH COM,916069989,2025-09-22,5,2,,0,0,0,0,2,,,G00002,2026-01-04,23156,NAT AIRWAYS,D Manna,N,,,,,
SDA,S-AMEODRYJAR,AMEO MIXER DRY JAR ASSEMBLY,916069548,2025-09-09,4,4,,0,0,0,0,4,,,G00001,2026-01-02,251362,NAT AIRWAYS,D Manna,N,,,,,N
SDA,S-AMEOLIQUIDJAR,AMEO MIXER LIQUID JAR ASSEMBLY,916069548,2025-09-09,4,4,,0,0,0,0,4,,,G00001,2026-01-02,251362,NAT AIRWAYS,D Manna,N,,,,,N
SDA,S-AMEONEODRYJRASLY,AMEO NEO 750W MG DRY JAR ASSEMBLY,916069548,2025-09-09,2,2,,0,0,0,0,2,,,G00001,2026-01-02,251362,NAT AIRWAYS,D Manna,N,,,,,N
SDA,S-AMEONEOLQUDJASLY,AMEO NEO 750W MG LIQUID JAR ASSEMBLY,916069548,2025-09-09,2,2,,0,0,0,0,2,,,G00001,2026-01-02,251362,NAT AIRWAYS,D Manna,N,,,,,N
SDA,S-AMEOPROCHTJRASLY,AMEO PRO 750W CHT JAR ASLY WITH LID,916069549,2025-09-09,2,2,,0,0,0,0,2,,,G00001,2026-01-02,251362,NAT AIRWAYS,D Manna,N,,,,,N
SDA,S-AMEOPRODRYJRASLY,AMEO PRO 750W DRY JAR ASLY WITH LID,916069549,2025-09-09,2,2,,0,0,0,0,2,,,G00001,2026-01-02,251362,NAT AIRWAYS,D Manna,N,,,,,N
SDA,S-BOLTMXCHTNYJRASL,BOLTMIX MG CHUNTNY JAR ASSEMBLY,916069548,2025-09-09,2,2,,0,0,0,0,2,,,G00001,2026-01-02,251362,NAT AIRWAYS,D Manna,N,,,,,N
SDA,S-BOLTMXDRYJRASLY,BOLTMIX MG DRY JAR ASSEMBLY,916069548,2025-09-09,2,2,,0,0,0,0,2,,,G00001,2026-01-02,251362,NAT AIRWAYS,D Manna,N,,,,,N
SDA,S-NIGELA3JCHTJASLY,NIGELA 500W 3 JAR CHT JAR ASLY WITH LID,916069548,2025-09-09,5,5,,0,0,0,0,5,,,G00001,2026-01-02,251362,NAT AIRWAYS,D Manna,N,,,,,N
SDA,S-NIGELA3JDRYJASLY,NIGELA 500W 3 JAR DRY JAR ASLY WITH LID,916069548,2025-09-09,4,4,,0,0,0,0,4,,,G00001,2026-01-02,251362,NAT AIRWAYS,D Manna,N,,,,,N
SDA,S-NIGELA3JMOTOR,NIGELA 500W 3 JAR MAIN MOTOR,916069549,2025-09-09,6,6,,0,0,0,0,6,,,G00001,2026-01-02,251362,NAT AIRWAYS,D Manna,N,,,,,N
FANS,S-90000800,S-HDEF380 BLADE ASSLY.,916069487,2025-09-09,2,2,,0,0,0,0,2,,,,,TCFGVHBJ,RDFGHVBN,Sukanya Manna,N,,,,, 
WHC,S-AMICACAPTHRMO,AMICA CAPILARY THERMOSTATE,916069989,2025-09-22,2,2,,0,0,0,0,2,,,G00002,2026-01-04,23156,NAT AIRWAYS,D Manna,N,,,,,
WHC,S-ARNONEOMFVALVE,ARNO NEO MULTIFUCTION VALVE,916070475,2025-10-06,10,10,,0,0,0,0,10,,,G00002,2026-01-04,23156,NAT AIRWAYS,D Manna,N,,,,,
WHC,S-INSTBLSASEMBPLT,IWH INSTABLISS 3L ASSEMBLY PLATE,916069989,2025-09-22,2,2,,0,0,0,0,2,,,G00002,2026-01-04,23156,NAT AIRWAYS,D Manna,N,,,,,
WHC,S-OPTIMSFANBLDE,OPTIMUS COMMON FAN BLADE,916069989,2025-09-22,1,1,,0,0,0,0,1,,,G00002,2026-01-04,23156,NAT AIRWAYS,D Manna,N,,,,,
WHC,S-OPTIMSMOTOR,OPTIMUS COMMON MAIN MOTOR,916070458,2025-10-06,2,2,,0,0,0,0,2,,,G00002,2026-01-04,23156,NAT AIRWAYS,D Manna,N,,,,,
WHC,S-OPTIMUSPUMP,OPTIMUS COMMON PUMP,916069989,2025-09-22,2,2,,0,0,0,0,2,,,G00002,2026-01-04,23156,NAT AIRWAYS,D Manna,N,,,,,
SDA,S-CHOPMAXMOTOR,CHOPMAX MOTOR,916070168,2025-09-24,1,1,,0,0,0,0,1,,,G00001,2026-01-02,251362,NAT AIRWAYS,D Manna,N,,,,,N
SDA,S-CHOPMAXSWTCHPLT,CHOPMAX SWITCH PLATE,916070166,2025-09-24,1,1,,0,0,0,0,1,,,G00001,2026-01-02,251362,NAT AIRWAYS,D Manna,N,,,,,N
SDA,S-INSTSERV2100DPCB,NEW 2100W INSTASERVE DISPLAY PCB,916070284,2025-09-26,2,2,,0,0,0,0,2,,,G00001,2026-01-02,251362,NAT AIRWAYS,D Manna,N,,,,,N
SDA,S-INSTSERV2100MPCB,NEW 2100W INSTASERVE MAIN PCB,916070284,2025-09-26,2,2,,0,0,0,0,2,,,G00001,2026-01-02,251362,NAT AIRWAYS,D Manna,N,,,,,N
SDA,S-INSTSERV2100WTOP,NEW 2100W INSTASERVE TOP COVER ASSLY,916070166,2025-09-24,2,2,,0,0,0,0,2,,,G00001,2026-01-02,251362,NAT AIRWAYS,D Manna,N,,,,,N
SDA,S-QSTADLX3JMOTOR,QUESTADLX 500W 3 JAR MAIN MOTOR,916070511,2025-10-06,1,1,,0,0,0,0,1,,,G00001,2026-01-02,251362,NAT AIRWAYS,D Manna,N,,,,,N
SDA,S-QUESTA3JOLP,QUESTA 500W 3 JAR OLP 2.2 AMP,916070511,2025-10-06,1,1,,0,0,0,0,1,,,G00001,2026-01-02,251362,NAT AIRWAYS,D Manna,N,,,,,N
WHC,S-AGCOMSTD26,"S- THERMAL CUTOUT 7"" GEYSER",916071702,2025-10-27,2,2,,0,0,0,0,2,,,G00002,2026-01-04,23156,NAT AIRWAYS,D Manna,N,,,,,
SDA,S-AMEOBODYSET,AMEO 750 W BODY SET,916071058,2025-10-16,2,2,,0,0,0,0,2,,,G00001,2026-01-02,251362,NAT AIRWAYS,D Manna,N,,,,,N
SDA,S-AMEOBODYSET,AMEO 750 W BODY SET,916071479,2025-10-23,1,1,,0,0,0,0,1,,,G00001,2026-01-02,251362,NAT AIRWAYS,D Manna,N,,,,,N
SDA,S-AMEODRYJAR,AMEO MIXER DRY JAR ASSEMBLY,916070721,2025-10-09,1,1,,0,0,0,0,1,,,G00001,2026-01-02,251362,NAT AIRWAYS,D Manna,N,,,,,N
SDA,S-BOLTMXBASEPLT,BOLTMIX MG BASE PLATE,916071687,2025-10-26,2,2,,0,0,0,0,2,,,G00001,2026-01-02,251362,NAT AIRWAYS,D Manna,N,,,,,N
SDA,S-BOLTMXTOPCVR,BOLTMIX MG TOP COVER,916071687,2025-10-26,1,1,,0,0,0,0,1,,,G00001,2026-01-02,251362,NAT AIRWAYS,D Manna,N,,,,,N
SDA,S-DROELITCHTJASLY,DURO ELITE 800W CHT JAR ASLY WITH LID,916071103,2025-10-17,2,2,,0,0,0,0,2,,,G00001,2026-01-02,251362,NAT AIRWAYS,D Manna,N,,,,,N
SDA,S-INSTSERV20KDSPCB,NEW INSTASERV 2000 W DISPLAY PCB,916071665,2025-10-25,2,2,,0,0,0,0,2,,,G00001,2026-01-02,251362,NAT AIRWAYS,D Manna,N,,,,,N
SDA,S-NIGELA3JCHTJASLY,NIGELA 500W 3 JAR CHT JAR ASLY WITH LID,916071440,2025-10-22,5,5,,0,0,0,0,5,,,G00001,2026-01-02,251362,NAT AIRWAYS,D Manna,N,,,,,N
SDA,S-NIGELA3JMOTOR,NIGELA 500W 3 JAR MAIN MOTOR,916070861,2025-10-11,1,1,,0,0,0,0,1,,,G00001,2026-01-02,251362,NAT AIRWAYS,D Manna,N,,,,,N
SDA,S-QSTADLX3JTOPCVR,QUESTADLX 500W 3JAR TOP COVER,916070787,2025-10-10,2,2,,0,0,0,0,2,,,G00001,2026-01-02,251362,NAT AIRWAYS,D Manna,N,,,,,N
SDA,S-QUBE750MAINBDY,QUBE 750W MG MAIN BODY,916071058,2025-10-16,2,1,,0,0,0,0,1,,,G00001,2026-01-02,251362,NAT AIRWAYS,D Manna,N,,,,,N
SDA,S-QUESTA3JCHTJASLY,QUESTA 500W 3 JAR CHT JAR ASLY WITH LID,916071602,2025-10-24,1,1,,0,0,0,0,1,,,G00001,2026-01-02,251362,NAT AIRWAYS,D Manna,N,,,,,N
SDA,S-QUESTA3JMOTOR,QUESTA 500W 3 JAR MAIN MOTOR,916071587,2025-10-24,1,1,,0,0,0,0,1,,,G00001,2026-01-02,251362,NAT AIRWAYS,D Manna,N,,,,,N
SDA,S-QUESTA3JWTJASLY,QUESTA 500W 3 JAR WET JAR ASLY WITH LID,916071602,2025-10-24,1,1,,0,0,0,0,1,,,G00001,2026-01-02,251362,NAT AIRWAYS,D Manna,N,,,,,N
LIGHT,S0DVEXC4-100W-700,100W C4 DRIVER,916074268,2025-12-21,30,30,,0,0,,,30,,,,,,,,N,,,,,N
LIGHT,S0EI05949-R1,LED POPULATED MCPCB FOR LR400140-A2,916071431,2025-10-21,5,5,,5,0,,,5,,,,,,,,N,,,,,N
LIGHT,S0EI05950,LED POPULATED MCPCB CLR400122-A2,916071375,2025-10-21,10,3,,1,2,,,3,,,,,,,,N,,,,,N
FANS,CFHSRSWND36BRN1S,900IM50 HS RUSHWND 36 BRN 1S,916070672,2025-10-09,4,1,,0,0,0,0,1,,,,,TCFGVHBJ,RDFGHVBN,Sukanya Manna,N,,,,, 
FANS,CFSBSSP48LB1S,1200IM51 SB SEA SPHIRA 48 LST BRN 1S,916070672,2025-10-09,2,1,,0,0,0,0,1,,,,,TCFGVHBJ,RDFGHVBN,Sukanya Manna,N,,,,, 
LIGHT,S0BP0011,LED MCPCB MODULE TLF500183-E4,916072377,2025-11-11,6,2,,0,0,,,2,,,,,,,,N,,,,,N
LIGHT,S0DRVCR-18W,DRIVER FOR LSCSM-18W & LSCRM-18W,916072033,2025-11-03,20,8,,3,5,,,8,,,,,,,,N,,,,,N
LIGHT,S0DVEXSQ-25W-700,25W SQUARE EXCELLITE DRIVER,916072061,2025-11-03,10,2,,0,0,,,2,,,,,,,,N,,,,,N
LIGHT,S0EI07010,LED MCPCB MODULE LI300425-A2,916072033,2025-11-03,10,10,,4,0,,,10,,,,,,,,N,,,,,N
LIGHT,S0EI07810,LED MODULE CLF500130-A2,916072033,2025-11-03,6,3,,0,0,,,3,,,,,,,,N,,,,,Y
LIGHT,S0EI08132-R1,LED POPULATED MCPCB FOR TLR400171-A2,916072061,2025-11-03,5,5,,0,0,,,5,,,,,,,,N,,,,,N
LIGHT,S0EI09177CDL30,LED MODULE OF CLR401032-A2 SHORT LED L8,916072061,2025-11-03,5,2,,0,0,,,2,,,,,,,,N,,,,,N
LIGHT,S0EI09679,LED POPULATED MCPCB FOR TLR400152-A2,916072033,2025-11-03,30,25,,0,0,,,25,,,,,,,,N,,,,,N
LIGHT,S0EI09709,LED MCPCB MODULE TLF500160-E4,916072033,2025-11-03,20,20,,0,0,,,20,,,,,,,,N,,,,,N
LIGHT,S0EI10454,LED POPULATED MCPCB FOR LCNP-80-CDL-HP,916072430,2025-11-11,20,19,,0,0,,,19,,,,,,,,N,,,,,N
LIGHT,S0EI11683,LED POPULATED MCPCB FOR TLR400220-E4,916072061,2025-11-03,10,10,,0,0,,,10,,,,,,,,N,,,,,N
LIGHT,S0EPC044,MCPCB TFS-511-200-57-60D-HL2-NS-LM-NGG,916072033,2025-11-03,10,5,,0,5,,,5,,,,,,,,N,,,,,N
LIGHT,S0EPC044,MCPCB TFS-511-200-57-60D-HL2-NS-LM-NGG,916072377,2025-11-11,1,1,,0,0,,,1,,,,,,,,N,,,,,N
LIGHT,SRPSN-5K-440,SURGE PROTECTOR-5 KV- SERIES,916072061,2025-11-03,50,50,,0,0,,,50,,,,,,,,N,,,,,N
WHC,S-ZELUSPUMPCOM,ZELUS PUMP 8W 28L 43L COMMON,916072231,2025-11-06,2,2,,0,0,0,0,2,,,G00002,2026-01-04,23156,NAT AIRWAYS,D Manna,N,,,,,
SDA,ACGEI-RD,"750W, AUTOMATIC DRY ELECTRIC IRON(CG-RD)",916072202,2025-11-05,1,1,,0,0,0,0,1,,,G00001,2026-01-02,251362,NAT AIRWAYS,D Manna,N,,,,,N
SDA,ACGEK-INSTADELI1.5,INSTADELGT 1.5 ELECTRIC KETTLE,916072383,2025-11-11,1,1,,0,0,0,0,1,,,G00001,2026-01-02,251362,NAT AIRWAYS,D Manna,N,,,,,N
SDA,S-AMEOCHTNYJAR,AMEO MIXER CHUTNY JAR ASSEMBLY,916071736,2025-10-28,5,5,,0,0,0,0,5,,,G00001,2026-01-02,251362,NAT AIRWAYS,D Manna,N,,,,,N
SDA,S-ARDPWRCORD,S-RD-POWER CORD,916071843,2025-10-29,5,5,,0,0,0,0,5,,,G00001,2026-01-02,251362,NAT AIRWAYS,D Manna,N,,,,,N
SDA,S-ARDSPHELEM,S-RD-SOLE PLATE (+ HEATING ELEMENT),916071843,2025-10-29,2,2,,0,0,0,0,2,,,G00001,2026-01-02,251362,NAT AIRWAYS,D Manna,N,,,,,N
SDA,S-ARDSPHELEM,S-RD-SOLE PLATE (+ HEATING ELEMENT),916072080,2025-11-03,2,2,,0,0,0,0,2,,,G00001,2026-01-02,251362,NAT AIRWAYS,D Manna,N,,,,,N
SDA,S-ARDTHRMSTT,S-RD-THERMOSTAT,916072308,2025-11-08,2,2,,0,0,0,0,2,,,G00001,2026-01-02,251362,NAT AIRWAYS,D Manna,N,,,,,N
FANS,BRISKAIRNEO10WHT,BRISK AIR NEO 250 MM WHITE,916071770,2025-10-28,1,1,,0,0,0,0,1,,,,,TCFGVHBJ,RDFGHVBN,Sukanya Manna,N,,,,, 
SDA,S-BOLTMXMAINMOTR,BOLTMIX MG MAIN MOTOR,916071898,2025-10-31,2,1,,0,0,0,0,1,,,G00001,2026-01-02,251362,NAT AIRWAYS,D Manna,N,,,,,N
SDA,S-BRIOSOLPLTWHE,BRIO SOLE PLATE WITH H.E.,916072381,2025-11-11,1,1,,0,0,0,0,1,,,G00001,2026-01-02,251362,NAT AIRWAYS,D Manna,N,,,,,N
SDA,S-DROELITCHTJASLY,DURO ELITE 800W CHT JAR ASLY WITH LID,916071843,2025-10-29,2,2,,0,0,0,0,2,,,G00001,2026-01-02,251362,NAT AIRWAYS,D Manna,N,,,,,N
SDA,S-DS750CHUTNYJRALY,DS750W COMPLET CHUTNEY JAR ASLY WITH LID,916071843,2025-10-29,2,2,,0,0,0,0,2,,,G00001,2026-01-02,251362,NAT AIRWAYS,D Manna,N,,,,,N
SDA,S-NGLAPRO5SWPLT,NIGELLA PRO 500W SWITCH PLATE,916071898,2025-10-31,2,2,,0,0,0,0,2,,,G00001,2026-01-02,251362,NAT AIRWAYS,D Manna,N,,,,,N
SDA,S-NGLAPRO5TOPCAP,NIGELLA PRO 500W TOP CAP,916071898,2025-10-31,2,2,,0,0,0,0,2,,,G00001,2026-01-02,251362,NAT AIRWAYS,D Manna,N,,,,,N
SDA,S-NIGELA3JBOTMCVR,NIGELA 500W 3 JAR BOTTOM COVER,916071898,2025-10-31,2,2,,0,0,0,0,2,,,G00001,2026-01-02,251362,NAT AIRWAYS,D Manna,N,,,,,N
SDA,S-NIGELA3JMOTOR,NIGELA 500W 3 JAR MAIN MOTOR,916071843,2025-10-29,5,5,,0,0,0,0,5,,,G00001,2026-01-02,251362,NAT AIRWAYS,D Manna,N,,,,,N
SDA,S-NIGELA3JTOPCAP,NIGELA 500W 3JAR TOP CAP,916071898,2025-10-31,2,2,,0,0,0,0,2,,,G00001,2026-01-02,251362,NAT AIRWAYS,D Manna,N,,,,,N
SDA,S-QSTARYL3JCHTJLID,QUESTARYL 750W CHT JAR ASLY WITH LID,916071843,2025-10-29,2,2,,0,0,0,0,2,,,G00001,2026-01-02,251362,NAT AIRWAYS,D Manna,N,,,,,N
LIGHT,DRVP-100W/700,DRIVER FOR LED 100W/700 MA ELECTRONIC,916072061,2025-11-03,12,12,,0,0,,,12,,,,,,,,N,,,,,N
LIGHT,DRVP-150W/700,DRIVER FOR LED 150W/700MA ELECTRONIC,916072158,2025-11-05,30,30,,0,0,,,30,,,,,,,,N,,,,,N
LIGHT,EDC075S105SV3007,75W DRIVER INVETRONIC FOR UC LINEAR,916072679,2025-11-17,2,1,,0,0,,,1,,,,,,,,N,,,,,N
LIGHT,EI08285-RI,LED MCPCB FR CSF-504-100-57-NL-SL-GL-NSG,916073001,2025-11-21,5,5,,0,0,,,5,,,,,,,,N,,,,,N
WHC,ACGRH-COMFYPLUS,COMFY PLUS ROOM HEATER 800 W QUARTZ,916073042,2025-11-22,3,3,,0,0,0,0,3,,,G00002,2026-01-04,23156,NAT AIRWAYS,D Manna,N,,,,,
WHC,S-AGCOMSTD22,S- ELEMENT 3 KW GEYSER,916072691,2025-11-18,1,1,,0,0,0,0,1,,,G00002,2026-01-04,23156,NAT AIRWAYS,D Manna,N,,,,,
WHC,S-AGCOMSTD26,"S- THERMAL CUTOUT 7"" GEYSER",916072691,2025-11-18,10,10,,0,0,0,0,10,,,G00002,2026-01-04,23156,NAT AIRWAYS,D Manna,N,,,,,
WHC,S-GRACE5LASMBLYPLT,GRACE 5L ASSEMBLY PLATE,916072525,2025-11-13,2,2,,0,0,0,0,2,,,G00002,2026-01-04,23156,NAT AIRWAYS,D Manna,N,,,,,
WHC,S-GRACETHRMO7I,GRACE 3L THERMOSTAT 7INCH,916072691,2025-11-18,10,10,,0,0,0,0,10,,,G00002,2026-01-04,23156,NAT AIRWAYS,D Manna,N,,,,,
WHC,S-INSTBLSHTGELE,IWH INSTABLISS 3L HEATING ELEMENT 3KW,916072565,2025-11-14,15,15,,0,0,0,0,15,,,G00002,2026-01-04,23156,NAT AIRWAYS,D Manna,N,,,,,
FANS,S-101008750,"S-BLADE 16"" HIGHSPEED KDWT - GALE PLUS",916072455,2025-11-12,2,2,,0,0,0,0,2,,,,,TCFGVHBJ,RDFGHVBN,Sukanya Manna,N,,,,, 
FANS,S-101008750,"S-BLADE 16"" HIGHSPEED KDWT - GALE PLUS",916072456,2025-11-12,7,7,,0,0,0,0,7,,,,,TCFGVHBJ,RDFGHVBN,Sukanya Manna,N,,,,, 
FANS,CFSBHLBNO48OPW1S,SURBRZ HILL BRIZ NEO 1.2M OPAL WHITE 1S,916074284,2025-12-22,2,2,,0,0,0,0,2,,,,,TCFGVHBJ,RDFGHVBN,Sukanya Manna,N,,,,, 
FANS,CFPRAURPM48LGBAD1S,1200IM55 PR AURA PM 48 LGN BLU AD1S,916074284,2025-12-22,1,1,,0,0,0,0,1,,,,,TCFGVHBJ,RDFGHVBN,Sukanya Manna,N,,,,, 
FANS,CFHSRIV48BRN1S,1200IM54 HS RIVIERA 48 BRN 1S,916074284,2025-12-22,2,2,,0,0,0,0,2,,,,,TCFGVHBJ,RDFGHVBN,Sukanya Manna,N,,,,, 
FANS,CFENNT30W48IVY5SRM,1200BM30 EN NITEO 48 IVY RM,916074284,2025-12-22,1,1,,0,0,0,0,1,,,,,TCFGVHBJ,RDFGHVBN,Sukanya Manna,N,,,,, 
LIGHT,MOSO-X6V-240,240W MOSO DRIVER,916073001,2025-11-21,4,4,,0,0,,,4,,,,,,,,N,,,,,N
LIGHT,S0BP0011,LED MCPCB MODULE TLF500183-E4,916072550,2025-11-14,10,10,,0,0,,,10,,,,,,,,N,,,,,N
LIGHT,S0DVCTL-60W-700-FG,DRV-C4-60W-700-IH PACKED,916073023,2025-11-22,30,21,,0,0,,,21,,,,,,,,N,,,,,N
WHC,S-INSTBLSHTGELE,IWH INSTABLISS 3L HEATING ELEMENT 3KW,916072691,2025-11-18,1,1,,0,0,0,0,1,,,G00002,2026-01-04,23156,NAT AIRWAYS,D Manna,N,,,,,
LIGHT,S0DVCTL-75W-700-FG,DRV-C4-75W-700-IH PACKED,916073001,2025-11-21,20,20,,0,0,,,20,,,,,,,,N,,,,,N
LIGHT,S0DVEXC4-100W-700,100W C4 DRIVER,916072997,2025-11-21,9,1,,0,0,,,1,,,,,,,,N,,,,,N
LIGHT,S0EI07010,LED MCPCB MODULE LI300425-A2,916073001,2025-11-21,5,5,,0,0,,,5,,,,,,,,N,,,,,N
LIGHT,S0EI08132-R1,LED POPULATED MCPCB FOR TLR400171-A2,916073001,2025-11-21,4,4,,0,0,,,4,,,,,,,,N,,,,,N
LIGHT,S0EI08704 SLED,"LMOD CLR400836-A2 SHORT LED L1,L9,L16",916073001,2025-11-21,20,20,,0,0,,,20,,,,,,,,N,,,,,N
LIGHT,S0EI08830,LED MCPCB MODULE TLF500110-A2,916072997,2025-11-21,2,2,,0,0,,,2,,,,,,,,N,,,,,N
LIGHT,S0EI09710,LED MCPCB MODULE TLF500170-E4,916072997,2025-11-21,5,4,,0,0,,,4,,,,,,,,N,,,,,N
LIGHT,S0EI09840 SLED,LED MODULE CLR401073-A2 SHORT LED L1,916073001,2025-11-21,20,20,,0,0,,,20,,,,,,,,N,,,,,N
LIGHT,S0EI11683,LED POPULATED MCPCB FOR TLR400220-E4,916073001,2025-11-21,5,5,,0,0,,,5,,,,,,,,N,,,,,N
WHC,S-INSTBLSTANK3L,IWH INSTABLISS 3L TANK,916072691,2025-11-18,5,5,,0,0,0,0,5,,,G00002,2026-01-04,23156,NAT AIRWAYS,D Manna,N,,,,,
WHC,S-PAIDJET3LASLYPLT,IWH RAPID JET 3L ASSEMBLY PLATE,916072691,2025-11-18,5,5,,0,0,0,0,5,,,G00002,2026-01-04,23156,NAT AIRWAYS,D Manna,N,,,,,
SDA,ACGEI-RD,"750W, AUTOMATIC DRY ELECTRIC IRON(CG-RD)",916073109,2025-11-24,1,1,,0,0,0,0,1,,,G00001,2026-01-02,251362,NAT AIRWAYS,D Manna,N,,,,,N
SDA,ACGEK- ACTIVHOT1.5,1.5L COOL TOUCH ELECTRIC KETTLE,916073110,2025-11-24,1,1,,0,0,0,0,1,,,G00001,2026-01-02,251362,NAT AIRWAYS,D Manna,N,,,,,N
SDA,ACGIC-INSTSERV2100,"INSTASERVE,2100 W INDUCTION COOKTOP,SLIM",916072889,2025-11-20,1,1,,0,0,0,0,1,,,G00001,2026-01-02,251362,NAT AIRWAYS,D Manna,N,,,,,N
SDA,S-AMEOCHTNYJAR,AMEO MIXER CHUTNY JAR ASSEMBLY,916072567,2025-11-14,5,5,,0,0,0,0,5,,,G00001,2026-01-02,251362,NAT AIRWAYS,D Manna,N,,,,,N
SDA,S-AMEODRYJAR,AMEO MIXER DRY JAR ASSEMBLY,916072524,2025-11-13,2,2,,0,0,0,0,2,,,G00001,2026-01-02,251362,NAT AIRWAYS,D Manna,N,,,,,N
SDA,S-AMEODRYJAR,AMEO MIXER DRY JAR ASSEMBLY,916072567,2025-11-14,5,5,,0,0,0,0,5,,,G00001,2026-01-02,251362,NAT AIRWAYS,D Manna,N,,,,,N
SDA,S-AMEOLIQUIDJAR,AMEO MIXER LIQUID JAR ASSEMBLY,916072567,2025-11-14,3,3,,0,0,0,0,3,,,G00001,2026-01-02,251362,NAT AIRWAYS,D Manna,N,,,,,N
SDA,S-ARDPWRCORD,S-RD-POWER CORD,916072647,2025-11-16,2,2,,0,0,0,0,2,,,G00001,2026-01-02,251362,NAT AIRWAYS,D Manna,N,,,,,N
SDA,S-ATD71EMH001,S- TD71-ELECTRIC MOTOR,916072509,2025-11-12,2,2,,0,0,0,0,2,,,G00001,2026-01-02,251362,NAT AIRWAYS,D Manna,N,,,,,N
SDA,S-ATD71EMH001,S- TD71-ELECTRIC MOTOR,916072567,2025-11-14,3,3,,0,0,0,0,3,,,G00001,2026-01-02,251362,NAT AIRWAYS,D Manna,N,,,,,N
SDA,S-BOLTMXLQUDJRASLY,BOLTMIX MG LIQUID JAR ASSEMBLY,916072567,2025-11-14,1,1,,0,0,0,0,1,,,G00001,2026-01-02,251362,NAT AIRWAYS,D Manna,N,,,,,N
SDA,S-BOLTMXMAINMOTR,BOLTMIX MG MAIN MOTOR,916073060,2025-11-22,2,2,,0,0,0,0,2,,,G00001,2026-01-02,251362,NAT AIRWAYS,D Manna,N,,,,,N
SDA,S-BOLTMXMAINMOTR,BOLTMIX MG MAIN MOTOR,916073067,2025-11-22,2,2,,0,0,0,0,2,,,G00001,2026-01-02,251362,NAT AIRWAYS,D Manna,N,,,,,N
SDA,S-BOLTMXMAINMOTR,BOLTMIX MG MAIN MOTOR,916073069,2025-11-22,4,4,,0,0,0,0,4,,,G00001,2026-01-02,251362,NAT AIRWAYS,D Manna,N,,,,,N
WHC,S-RPIDJET3LTNKGSKT,IWH RAPID JET 3L SS TANK GASKET,916073007,2025-11-21,6,6,,0,0,0,0,6,,,G00002,2026-01-04,23156,NAT AIRWAYS,D Manna,N,,,,,
WHC,S-AMICAHEATINGELE,AMICA HEATING ELELMENT 2KW,916073526,2025-12-04,3,3,,0,0,0,0,3,,,G00002,2026-01-04,23156,NAT AIRWAYS,D Manna,N,,,,,
FANS,S-KBPRAV248IEC3S3B,S-PKD BLD PR AVR2 1.2M ICE COFFEE 3B 3S,916073210,2025-11-26,2,2,2,0,0,0,0,2,2026-01-01,,,,TCFGVHBJ,RDFGHVBN,Sukanya Manna,N,0,0,0,, 
LIGHT,S0DVCTL-45W-700-FG,DRV-C4-45W-700-IH PACKED,916073474,2025-12-03,20,20,,0,0,,,20,,,,,,,,N,,,,,N
LIGHT,S0DVCTL-75W-700-FG,DRV-C4-75W-700-IH PACKED,916073474,2025-12-03,20,20,,0,0,,,20,,,,,,,,N,,,,,N
WHC,S-ARNONEOHTGELEMT,ARNO NEO HEATING ELEMENT,916073526,2025-12-04,3,3,,0,0,0,0,3,,,G00002,2026-01-04,23156,NAT AIRWAYS,D Manna,N,,,,,
FANS,S-101011781,S-RING DECO MOT AVR2 CONCH CREAM/GOLD,916073114,2025-11-24,1,1,,0,0,0,0,1,,,,,TCFGVHBJ,RDFGHVBN,Sukanya Manna,N,,,,, 
FANS,S-90000763,"S-FLUX AIR 9"" MOTOR ASSEMBLY",916073121,2025-11-24,2,2,,0,0,0,0,2,,,,,TCFGVHBJ,RDFGHVBN,Sukanya Manna,N,,,,, 
LIGHT,S0DVEXC4-100W-700,100W C4 DRIVER,916073474,2025-12-03,30,30,,0,0,,,30,,,,,,,,N,,,,,N
LIGHT,S0DVEXC4-24W-700,C4 EXCELLITE DRIVER 24W,916073474,2025-12-03,5,5,,0,0,,,5,,,,,,,,N,,,,,N
LIGHT,S0EI06038,LED POPULATED MCPCB LF500103-A2,916073474,2025-12-03,10,10,,0,0,,,10,,,,,,,,N,,,,,N
LIGHT,S0EI06082,LED MCPCB FOR LPTO-40-CDL-M,916073474,2025-12-03,20,20,,0,0,,,20,,,,,,,,N,,,,,N
LIGHT,S0EI06082,LED MCPCB FOR LPTO-40-CDL-M,916073626,2025-12-05,40,40,,0,0,,,40,,,,,,,,N,,,,,N
WHC,S-INSTBLSHTGELE,IWH INSTABLISS 3L HEATING ELEMENT 3KW,916073670,2025-12-06,5,5,,0,0,0,0,5,,,G00002,2026-01-04,23156,NAT AIRWAYS,D Manna,N,,,,,
WHC,S-RPIDJET3KWTMCUT,IWH RAPID JET 3KW THERMAL CUTOUT 7 INCOM,916073670,2025-12-06,5,5,,0,0,0,0,5,,,G00002,2026-01-04,23156,NAT AIRWAYS,D Manna,N,,,,,
WHC,S-SOLNEO5LASLYPLT,SOL NEO 5 L ASSEMBLY PLATE,916073670,2025-12-06,2,2,,0,0,0,0,2,,,G00002,2026-01-04,23156,NAT AIRWAYS,D Manna,N,,,,,
LIGHT,S0EI06812,LED MCPCB MODULE LR400150-A2,916073203,2025-11-26,15,3,,0,0,,,3,,,,,,,,N,,,,,N
LIGHT,S0EI06895CDL150/60,LED POPULATED MCPCB MODULE LHB11-150-CDL,916073474,2025-12-03,1,1,,0,0,,,1,,,,,,,,N,,,,,N
LIGHT,S0EI07834-R2 SLED,"LEDMODULE-SHORT L10,11,13,14,35,36,38,39",916073175,2025-11-25,1,1,,0,0,,,1,,,,,,,,N,,,,,N
LIGHT,S0EI07834-R2 SLED,"LEDMODULE-SHORT L10,11,13,14,35,36,38,39",916073474,2025-12-03,3,3,,0,0,,,3,,,,,,,,N,,,,,N
LIGHT,S0EI09840,LED POPULATED MCPCB FOR TLR400200-A2,916073705,2025-12-07,20,20,,0,0,,,20,,,,,,,,N,,,,,N
LIGHT,S0EPC044,MCPCB TFS-511-200-57-60D-HL2-NS-LM-NGG,916073145,2025-11-25,19,19,,0,0,,,19,,,,,,,,N,,,,,N
LIGHT,S0EPC044,MCPCB TFS-511-200-57-60D-HL2-NS-LM-NGG,916073173,2025-11-25,10,10,,0,0,,,10,,,,,,,,N,,,,,N
WHC,S-SOLNEO5LTRTANK,SOL NEO 5 LTR TANK,916073670,2025-12-06,2,2,,0,0,0,0,2,,,G00002,2026-01-04,23156,NAT AIRWAYS,D Manna,N,,,,,
SDA,S-ADS51CJRA01,S-DS51-SS CHUTNEY JAR ASSEMBLY WITH LID,916073124,2025-11-24,2,2,,0,0,0,0,2,,,G00001,2026-01-02,251362,NAT AIRWAYS,D Manna,N,,,,,N
SDA,S-ADS51CJRA01,S-DS51-SS CHUTNEY JAR ASSEMBLY WITH LID,916073511,2025-12-04,2,2,,0,0,0,0,2,,,G00001,2026-01-02,251362,NAT AIRWAYS,D Manna,N,,,,,N
SDA,S-ADS51DJRA01,S-DS51-SS DRY JAR ASSEMBLY WITH LID,916073124,2025-11-24,2,2,,0,0,0,0,2,,,G00001,2026-01-02,251362,NAT AIRWAYS,D Manna,N,,,,,N
SDA,S-ADS51LJRA01,S-DS51-SS LIQUID JAR ASSEMBLY WITH LID,916073124,2025-11-24,2,2,,0,0,0,0,2,,,G00001,2026-01-02,251362,NAT AIRWAYS,D Manna,N,,,,,N
SDA,S-AMEOCHTNYJAR,AMEO MIXER CHUTNY JAR ASSEMBLY,916073713,2025-12-07,1,1,,0,0,0,0,1,,,G00001,2026-01-02,251362,NAT AIRWAYS,D Manna,N,,,,,N
SDA,S-ATD71EMH001,S- TD71-ELECTRIC MOTOR,916073672,2025-12-06,2,2,,0,0,0,0,2,,,G00001,2026-01-02,251362,NAT AIRWAYS,D Manna,N,,,,,N
SDA,S-BOLTMXCHTNYJRASL,BOLTMIX MG CHUNTNY JAR ASSEMBLY,916073124,2025-11-24,2,2,,0,0,0,0,2,,,G00001,2026-01-02,251362,NAT AIRWAYS,D Manna,N,,,,,N
SDA,S-BOLTMXDRYJRASLY,BOLTMIX MG DRY JAR ASSEMBLY,916073207,2025-11-26,2,2,,0,0,0,0,2,,,G00001,2026-01-02,251362,NAT AIRWAYS,D Manna,N,,,,,N
SDA,S-BOLTMXMAINBODY,BOLTMIX MG MAIN BODY,916073207,2025-11-26,1,1,,0,0,0,0,1,,,G00001,2026-01-02,251362,NAT AIRWAYS,D Manna,N,,,,,N
SDA,S-BOLTMXOLP,BOLTMIX MG OLP,916073207,2025-11-26,2,2,,0,0,0,0,2,,,G00001,2026-01-02,251362,NAT AIRWAYS,D Manna,N,,,,,N
SDA,S-BOLTMXTOPCVR,BOLTMIX MG TOP COVER,916073207,2025-11-26,1,1,,0,0,0,0,1,,,G00001,2026-01-02,251362,NAT AIRWAYS,D Manna,N,,,,,N
SDA,S-BRIOBKCOVR,BRIO BACK COVER,916073672,2025-12-06,1,1,,0,0,0,0,1,,,G00001,2026-01-02,251362,NAT AIRWAYS,D Manna,N,,,,,N
SDA,S-BRIOHANDLE,BRIO MAIN BODY HANDLE,916073672,2025-12-06,1,1,,0,0,0,0,1,,,G00001,2026-01-02,251362,NAT AIRWAYS,D Manna,N,,,,,N
SDA,S-BRIOHNDLCOVR,BRIO HANDLE COVER,916073672,2025-12-06,1,1,,0,0,0,0,1,,,G00001,2026-01-02,251362,NAT AIRWAYS,D Manna,N,,,,,N
SDA,S-BRIOKNOB,BRIO KNOB,916073672,2025-12-06,1,1,,0,0,0,0,1,,,G00001,2026-01-02,251362,NAT AIRWAYS,D Manna,N,,,,,N
SDA,S-BRIOSKIRT,BRIO HEAT SHIELD SKIRT,916073672,2025-12-06,1,1,,0,0,0,0,1,,,G00001,2026-01-02,251362,NAT AIRWAYS,D Manna,N,,,,,N
SDA,S-BRIOSOLPLTWHE,BRIO SOLE PLATE WITH H.E.,916073207,2025-11-26,2,2,,0,0,0,0,2,,,G00001,2026-01-02,251362,NAT AIRWAYS,D Manna,N,,,,,N
SDA,S-DROELT1KJARCPLR,DURO ELITE 1000W JAR COUPLER COM,916073823,2025-12-10,2,2,1,0,0,0,0,2,2026-01-03,,G00001,2026-01-02,251362,NAT AIRWAYS,D Manna,N,1,0,0,,N
WHC,S-2010HTGELEMENT,AMICA 20 10 LTR HEATING ELELEMENT,916073876,2025-12-11,1,1,,0,0,0,0,1,,,G00002,2026-01-04,23156,NAT AIRWAYS,D Manna,N,,,,,
WHC,S-AMICAHEATINGELE,AMICA HEATING ELELMENT 2KW,916073876,2025-12-11,1,1,,0,0,0,0,1,,,G00002,2026-01-04,23156,NAT AIRWAYS,D Manna,N,,,,,
WHC,S-ARNONEOHTGELEMT,ARNO NEO HEATING ELEMENT,916073876,2025-12-11,1,1,,0,0,0,0,1,,,G00002,2026-01-04,23156,NAT AIRWAYS,D Manna,N,,,,,
WHC,S-SWH2415HTGELE,2415 SOL CUBE HEATING ELEMENT J TYPE 2KW,916074210,2025-12-18,2,2,,0,0,0,0,2,,,G00002,2026-01-04,23156,NAT AIRWAYS,D Manna,N,,,,,
FANS,S-BLDC-DRV-NITEO,S-PCBA DRIVER - NITEO-PACK,916073719,2025-12-07,2,2,,0,0,0,0,2,,,,,TCFGVHBJ,RDFGHVBN,Sukanya Manna,N,,,,, 
SDA,S-DROELT1KMTRCPLR,DURO ELITE 1000W MOTOR COPLER,916073823,2025-12-10,2,2,1,0,0,0,0,2,2026-01-03,NIL,G00001,2026-01-02,251362,NAT AIRWAYS,D Manna,N,0,0,1,ACGM-QUBE3JDUMMY,N
LIGHT,DRVP-100W/700,DRIVER FOR LED 100W/700 MA ELECTRONIC,916074267,2025-12-21,12,12,,0,0,,,12,,,,,,,,N,,,,,N
LIGHT,DRVP-120W/700,DRIVER FOR LED 120W/700 MA ELECTRONIC,916074267,2025-12-21,12,12,,0,0,,,12,,,,,,,,N,,,,,N
LIGHT,DRVP-150W/700,DRIVER FOR LED 150W/700MA ELECTRONIC,916074267,2025-12-21,12,12,,0,0,,,12,,,,,,,,N,,,,,N
LIGHT,DRVP-220W/700-D,XITANIUM 220W 0.7A 0-10V,916074267,2025-12-21,4,4,,0,0,,,4,,,,,,,,N,,,,,N
LIGHT,DRVP-75W/700,DRIVER FOR LED 75W/700 MA ELECTRONIC,916074267,2025-12-21,6,6,,0,0,,,6,,,,,,,,N,,,,,N
LIGHT,EDC075S105SV3007,75W DRIVER INVETRONIC FOR UC LINEAR,916073914,2025-12-12,5,5,,0,0,,,5,,,,,,,,N,,,,,N
LIGHT,EI07274-R1,LED MCPCB MODULE CLF500120-A2,916074267,2025-12-21,10,10,,0,0,,,10,,,,,,,,N,,,,,N
SDA,S-ADS51CJRA01,S-DS51-SS CHUTNEY JAR ASSEMBLY WITH LID,916073877,2025-12-11,2,2,,0,0,0,0,2,,,G00001,2026-01-02,251362,NAT AIRWAYS,D Manna,N,,,,,N
SDA,S-ADS51DJRA01,S-DS51-SS DRY JAR ASSEMBLY WITH LID,916073877,2025-12-11,2,2,,0,0,0,0,2,,,G00001,2026-01-02,251362,NAT AIRWAYS,D Manna,N,,,,,N
SDA,S-ADS51LJRA01,S-DS51-SS LIQUID JAR ASSEMBLY WITH LID,916073877,2025-12-11,2,2,,0,0,0,0,2,,,G00001,2026-01-02,251362,NAT AIRWAYS,D Manna,N,,,,,N
SDA,S-AMEOBL4GNDJAR,300ML JAR- AMEO BL 400,916074084,2025-12-16,1,1,,0,0,0,0,1,,,G00001,2026-01-02,251362,NAT AIRWAYS,D Manna,N,,,,,N
SDA,S-AMEOBL4GNDJRASLY,GRINDER JAR ASSEMBLY,916074084,2025-12-16,1,1,,0,0,0,0,1,,,G00001,2026-01-02,251362,NAT AIRWAYS,D Manna,N,,,,,N
SDA,S-AMEOBL4WETJAR,550ML JAR AMEO BL 400,916074084,2025-12-16,1,1,,0,0,0,0,1,,,G00001,2026-01-02,251362,NAT AIRWAYS,D Manna,N,,,,,N
SDA,S-AMEOBL4WETJRASLY,WET JAR ASSEMBLY,916074084,2025-12-16,1,1,,0,0,0,0,1,,,G00001,2026-01-02,251362,NAT AIRWAYS,D Manna,N,,,,,N
LIGHT,EI08285-RI,LED MCPCB FR CSF-504-100-57-NL-SL-GL-NSG,916074022,2025-12-15,5,5,,0,0,,,5,,,,,,,,N,,,,,N
LIGHT,EI08285-RI,LED MCPCB FR CSF-504-100-57-NL-SL-GL-NSG,916074267,2025-12-21,6,6,,0,0,,,6,,,,,,,,N,,,,,N
LIGHT,LDMR-ZAP-YLW,MOSQUITO RACQUET ZAPPY  YELLOW,916074085,2025-12-17,1,1,,0,0,,,1,,,,,,,,N,,,,,N
LIGHT,MOSO-X6V-240,240W MOSO DRIVER,916074267,2025-12-21,4,4,,0,0,,,4,,,,,,,,N,,,,,N
LIGHT,S0DQL1-54-700-40W,DRIVER FOR LSTP-36-CDL & LSTP-40-CDL,916074269,2025-12-21,10,10,,0,0,,,10,,,,,,,,N,,,,,N
LIGHT,S0DRVCR-18W,DRIVER FOR LSCSM-18W & LSCRM-18W,916074269,2025-12-21,10,10,,0,0,,,10,,,,,,,,N,,,,,N
LIGHT,S0DRVQ-36-250-12W,DRIVER FOR MAYA LBLA1/2/3 WITH V8 LED,916074269,2025-12-21,5,5,,0,0,,,5,,,,,,,,N,,,,,N
FANS,CFENNC30W48IBK5SRM,1200BM30 EN NUCLEIOD 48 IVY BLK RM,916074283,2025-12-22,3,3,,0,0,0,0,3,,,,,TCFGVHBJ,RDFGHVBN,Sukanya Manna,N,,,,, 
FANS,CFHSTOR48MBRAD1S-B,1200IM53 HS TORO MGK BRN 48 AD1S-B,916074283,2025-12-22,2,2,,0,0,0,0,2,,,,,TCFGVHBJ,RDFGHVBN,Sukanya Manna,N,,,,, 
FANS,CFENCK35W48BRN5SSM,1200BM35 ENCOOKIE 48 BRN SM,916074283,2025-12-22,3,3,,0,0,0,0,3,,,,,TCFGVHBJ,RDFGHVBN,Sukanya Manna,N,,,,, 
LIGHT,S0DVCTL-100W700-FG,DRIVER 100W DRV-C4-100W-700MA,916074269,2025-12-21,20,20,,0,0,,,20,,,,,,,,N,,,,,N
LIGHT,S0DVCTL-35W-700-FG,DRV-C4-35W-700-IH PACKED,916074269,2025-12-21,5,5,,0,0,,,5,,,,,,,,N,,,,,N
LIGHT,S0DVCTL-45W-700-FG,DRV-C4-45W-700-IH PACKED,916074269,2025-12-21,10,10,,0,0,,,10,,,,,,,,N,,,,,N
LIGHT,S0DVCTL-60W-700-FG,DRV-C4-60W-700-IH PACKED,916074269,2025-12-21,20,20,,0,0,,,20,,,,,,,,N,,,,,N
LIGHT,S0DVCTL-75W-700-FG,DRV-C4-75W-700-IH PACKED,916074269,2025-12-21,10,10,,0,0,,,10,,,,,,,,N,,,,,N
LIGHT,S0DVEXC4-100W-700,100W C4 DRIVER,916074269,2025-12-21,30,30,,0,0,,,30,,,,,,,,N,,,,,N
SDA,ACGEI-BRIO,1000W DRY ELECTRIC IRON,916074285,2025-12-22,2,2,,0,0,0,0,2,,,G00001,2026-01-02,251362,NAT AIRWAYS,D Manna,N,,,,,N
SDA,ACGEI-RD,"750W, AUTOMATIC DRY ELECTRIC IRON(CG-RD)",916074286,2025-12-22,2,2,,0,0,0,0,2,,,G00001,2026-01-02,251362,NAT AIRWAYS,D Manna,N,,,,,N
SDA,ACGM-AMEO-4JARS,750W 4 JARS MIXER GRINDER AMEO,916074286,2025-12-22,2,2,,0,0,0,0,2,,,G00001,2026-01-02,251362,NAT AIRWAYS,D Manna,N,,,,,N
SDA,ACGM-BOLTMIX,MG BOLTMIX 750W 3J,916074286,2025-12-22,2,2,,0,0,0,0,2,,,G00001,2026-01-02,251362,NAT AIRWAYS,D Manna,N,,,,,N
SDA,ACGM-NIGELLA500W3J,MG NIGELLA 500W 3J,916074286,2025-12-22,2,2,,0,0,0,0,2,,,G00001,2026-01-02,251362,NAT AIRWAYS,D Manna,N,,,,,N
SDA,S-AMEOBL4MTRASLY,MOTOR UNIT ASSEMBLY AMEO BLEND 400W,916074273,2025-12-21,1,1,,0,0,0,0,1,,,G00001,2026-01-02,251362,NAT AIRWAYS,D Manna,N,,,,,N
SDA,S-AMO4K2DSPCBCOM,DISPLAY PCB BOARD AMEO 4.2L,916074305,2025-12-23,1,1,,0,0,0,0,1,,,G00001,2026-01-02,251362,NAT AIRWAYS,D Manna,N,,,,,N
SDA,S-AMO4K2MNPCBCOM,MAIN PCB BOARD AMEO 4.2L,916074305,2025-12-23,1,1,,0,0,0,0,1,,,G00001,2026-01-02,251362,NAT AIRWAYS,D Manna,N,,,,,N
SDA,S-DROELT1KKNOB,DURO ELITE 1000W KNOB,916074305,2025-12-23,2,2,,0,0,0,0,2,,,G00001,2026-01-02,251362,NAT AIRWAYS,D Manna,N,,,,,N
LIGHT,S0DVEXC4-24W-700,C4 EXCELLITE DRIVER 24W,916074269,2025-12-21,4,4,,0,0,,,4,,,,,,,,N,,,,,N
LIGHT,S0DVEXC4-50W-700,50W C4 DRIVER,916074268,2025-12-21,30,30,,0,0,,,30,,,,,,,,N,,,,,N
